NodeID;Title;SKU
1;Fototapeta most;FT0103
2;Fototapeta město;FT0110
3;Fototapeta květ;FT0122
4;Fototapeta Cars;FT0130
5;Fototapeta pták;FT0133
6;Fototapeta silueta;FT0194
7;Fototapeta slunečnice;FT0205
8;Fototapeta puma;FT0216
9;Fototapeta modré květy;FT0235
10;Fototapeta princezny;FT0301
11;Fototapeta andělé;FT0307
12;Fototapeta zvířata;FT0192
13;Fototapeta růže;FT0252
14;Kočka;S.4
15;Sada motýlů;S.5
16;Dont worry;S.6
17;Košatý strom;S.8
18;Květina;S.9
19;Flower 1;S.32
20;Flower 12;S.33
21;Flower 2;S.34
22;Flower 11;S.35
23;Flower 9;S.36
24;Flower 7;S.37
25;Květina;S.38
26;Květinová dekorace;S.39
27;Zátiší růží;S.40
28;Kouzelná víla 1;S.41
29;Kniha;S.42
30;Pera;S.43
31;Pera s knihou;S.44
32;Srašidelný kostlivec;S.45
33;Sportovní auto 5;S.46
34;Fototapeta Cars;FT0309
35;Fototapeta Cars;FT0137
36;Fototapeta Cars;FT0111
37;Fototapeta zebra;FT1047
38;Fototapeta kotě;FT1328
39;Fototapeta list;FT1284
40;Fototapeta květ;FT1355
41;Fototapeta květinová;FT1146
42;Fototapeta žirafy;FT1245
43;Fototapeta kameny;FT1232
44;Fototapeta moře;FT1257
45;Fototapeta růže;FT0565
46;Fototapeta zasněženého města;FT0581
47;Fototapeta moře;FT0585
48;Fototapeta hlubina;FT0584
49;Fototapeta Optimus Prime;FT0586
50;Fototapeta Pinochio;FT0597
51;Fototapeta město;FT0505
52;Fototapeta přírody;FT0528
53;Fototapeta fialové růže;FT0545
54;Fototapeta tygr;FT1329
55;Fototapeta tanečnice;FT1348
56;Fototapeta vodopády;FT1350
57;Fototapeta stopky;FT1363
58;Fototapeta slona;FT1248
59;Fototapeta kameny;FT0920
60;Fototapeta sklenice;FT0913
61;Fototapeta šachy;FT0949
62;Fototapeta hudba;FT0957FT0913
63;Fototapeta města;FT0872
64;Fototapeta abstrakt;FT0890
65;Fototapeta město;FT0861
66;Fototapeta abstrakt;FT0858
67;Fototapeta disco koule;FT0746
68;Fototapeta bublinky;FT0404
69;Fototapeta tulipány;FT0562
70;Samolepka dvě kočky;S.80
71;Samolepka tři kočky;S.81
72;Samolepka tygr;S.82
73;Samolepka hroch;S.83
74;Samolepka krokodýl;S.84
75;Samolepka lev;S.86
76;Samolepka opice;S.87
77;Samolepka papoušek;S.88
78;Samolepka žirafa;S.89
79;Samolepka květiny;S.80
80;Samolepka žirafy;S.70
81;Samolepka zebra;S.71
82;Samolepka dekorativní květina 4;S.74
83;Samolepka Elfík;S.77
84;Samolepka růžová víla 2;S.78
85;Samolepka žirafky;S.79
86;Samolepka africká divočina;S.65
87;Fotoapeta čtyřdílná - BAMBOO;5FT0170
88;Fototapeta osmidílná - NEW YORK AT NIGHT;597265
89;Fototapeta osmidílná - FOREST IN THE MORNING;597216
90;Fototapeta jednodílná - Eifelovka;597516
91;Fototapeta jednodílná - koťata;FT0904
92;Fototapeta jednodílná - pruhovaná abstrakce;FT0907
93;Fototapeta jednodílná - kočka;FT0905
94;Fototapeta jednodílná - město;FT0910
95;Fototapeta jednodílná - květy;FT0906
96;Fototapeta jednodílná - příroda;FT0912
97;Fototapeta jednodílná - osvětlené město;FT0913
98;Fototapeta jednodílná - červená růže;FT0917
99;Fototapeta jednodílná - kameny, zen;FT0919
100;Fototapeta jednodílná - zebry;FT0923
101;Fototapeta jednodílná - Brooklynský most;FT0925
102;Fototapeta jednodílná - ostrov;FT0927
103;Fototapeta jednodílná - tygr;FT0001
104;Fototapeta jednodílná - kameny a listy;FT0004
105;Fototapeta jednodílná - Budha;FT0005
106;Fototapeta jednodílná - stromy;FT0008
107;Fototapeta jednodílná - palma;FT0012
108;Fototapeta jednodílná - Eiffelova věž;FT0016
109;Fototapeta jednodílná - město;FT0017
110;Fototapeta jednodílná - dveře;FT0019
111;Fototapeta jednodílná - sklenka vína;FT0020
112;Fototapeta jednodílná - květy;FT0025
113;Fototapeta jednodílná - orchidej;FT0027
114;Fototapeta jednodílná - abstrakce;FT0032
115;Fototapeta jednodílná - motýlci;FT0037
116;Fototapeta jednodílná - vrtulník;FT0038
117;Fototapeta jednodílná - včelí úl;FT0039
118;Fototapeta jednodílná - BigBen;FT0201
119;Fototapeta jednodílná - Eiffelova věž;FT0203
120;Fototapeta jednodílná - žirafa;FT0204
121;Fototapeta jednodílná - město;FT0205
122;Fototapeta jednodílná - slon;FT0208
123;Fototapeta jednodílná - žirafa;FT0209
124;Fototapeta jednodílná - zebra;FT0211
125;Fototapeta jednodílná - abstrakt květy;FT0212
126;Fototapeta jednodílná - lilie;FT0213
127;Fototapeta jednodílná - bambus;FT0214
128;Fototapeta jednodílná - feng shui;FT0215
129;Fototapeta jednodílná - růže;FT0217
130;Fototapeta jednodílná - růže;FT0218
131;Fototapeta jednodílná - květy;FT0221
132;Fototapeta jednodílná - skleník;FT0222
133;Fototapeta jednodílná - moře;FT0223
134;Fototapeta jednodílná - Socha svobody;FT0224
135;Fototapeta jednodílná - New York;FT0225
136;Fototapeta jednodílná - Brooklynský most;FT0227
137;Fototapeta jednodílná - kameny;FT0229
138;Fototapeta jednodílná - mlýn;FT0290
139;Fototapeta jednodílná - magnolie;FT0291
140;Fototapeta jednodílná - Cars;FT0603
141;Fototapeta jednodílná - Cars;FT0604
142;Fototapeta jednodílná - Cars;FT0605
143;Fototapeta jednodílná - Víly;FT0606
144;Fototapeta jednodílná - Víly;FT0606
145;Fototapeta jednodílná - Víly;FT0608
146;Fototapeta jednodílná - Muppets;FT0609
147;Fototapeta jednodílná - Muppets;FT0610
148;Fototapeta jednodílná - Muppets;FT0611
149;Fototapeta jednodílná - Hledá se Nemo;FT0612
150;Fototapeta jednodílná - Hledá se Nemo;FT0613
151;Fototapeta jednodílná - Hledá se Nemo;FT0614
152;Fototapeta jednodílná - Medvídek Pů;FT0615
153;Fototapeta jednodílná - Medvídek Pů;FT0616
154;Fototapeta jednodílná - Medvídek Pů;FT0617
155;Fototapeta jednodílná - Princess;FT0618
156;Fototapeta jednodílná - Sněhurka;FT0619
157;Fototapeta jednodílná - Malá mořská víla;FT0620
158;Fototapeta jednodílná - Donald;FT0621
159;Fototapeta jednodílná - Mickey Mouse;FT0623
160;Fototapeta jednodílná - Cars;FT0624
161;Fototapeta jednodílná - Princess;FT0625
162;Fototapeta jednodílná - Toy story;FT0626
163;Fototapeta jednodílná - Toy story;FT0627
164;Fototapeta jednodílná - Avengers;FT0628
165;Fototapeta jednodílná - Avengers;FT0629
166;Fototapeta jednodílná - Avengers;FT0630
167;Fototapeta jednodílná - Spiderman;FT0631
168;Fototapeta jednodílná - Spiderman;FT0632
169;Fototapeta jednodílná - Spiderman;FT0633
170;Fototapeta jednodílná - Spiderman;FT0634
171;Fototapeta jednodílná - Spiderman;FT0635
172;Fototapeta jednodílná - Spiderman;FT0636
173;Fototapeta jednodílná - Sněhurka;FT0230
174;Fototapeta jednodílná - Princes;FT0231
175;Fototapeta jednodílná - Princes;FT0232
176;Fototapeta jednodílná - Princes;FT0233
177;Fototapeta jednodílná - Cars;FT0234
178;Fototapeta jednodílná - Cars;FT0235
179;Fototapeta jednodílná - Cars;FT0236
180;Fototapeta jednodílná - Mickey Mouse;FT0237
181;Fototapeta jednodílná - Malá mořská víla;FT0240
182;Fototapeta jednodílná - Princes;FT0241
183;Fototapeta jednodílná - Princes;FT0242
184;Fototapeta jednodílná - město;FT0484
185;Fototapeta jednodílná - abstrakce;FT0485
186;Fototapeta jednodílná - mapa;FT0486
187;Fototapeta jednodílná - kvetoucí větvička;FT0487
188;Fototapeta jednodílná - květy orchidee;FT0489
189;Fototapeta jednodílná - město;FT0493
190;Fototapeta jednodílná - rosa;FT0494
191;Fototapeta jednodílná - levhart;FT0497
192;Fototapeta jednodílná - kočka;FT0500
193;Fototapeta jednodílná - moře;FT0501
194;Fototapeta jednodílná - bambus;FT0800
195;Fototapeta jednodílná - bříza;FT0801
196;Fototapeta jednodílná - auto;FT0802
197;Fototapeta jednodílná - auto;FT0803
198;Fototapeta jednodílná - kotě;FT0805
199;Fototapeta jednodílná - kočka na střeše;FT0806
200;Fototapeta jednodílná - abstrakce;FT0807
201;Fototapeta jednodílná - fotbal;FT0808
202;Fototapeta jednodílná - panda;FT0810
203;Fototapeta jednodílná - kokpit;FT0809
204;Fototapeta jednodílná - labutě;FT0811
205;Fototapeta jednodílná - Socha svobody;FT0812
206;Fototapeta jednodílná - Londýn;FT0813
207;Fototapeta jednodílná - autobus;FT0814
208;Fototapeta jednodílná - Mafia;FT0815
209;Fototapeta jednodílná - motorka;FT0816
210;Fototapeta jednodílná - taxík;FT0817
211;Fototapeta jednodílná - Eiffelovka;FT0818
212;Fototapeta jednodílná - červená růže;FT0819
213;Fototapeta jednodílná - růže;FT0820
214;Fototapeta jednodílná - vesmír;FT0821
215;Fototapeta jednodílná - kameny,zen;FT0822
216;Fototapeta jednodílná - kameny,zen;FT0823
217;Fototapeta jednodílná - kameny;FT0824
218;Fototapeta jednodílná - tenis;FT0825
219;Fototapeta jednodílná - New York;FT0826
220;Fototapeta jednodílná - zebry;FT0827
221;Fototapeta čtyřdílná - červené květy;FT0043
222;Fototapeta čtyřdílná - květy;FT0053
223;Fototapeta čtyřdílná - satén;FT0063
224;Fototapeta čtyřdílná - limetka;FT0079
225;Fototapeta čtyřdílná - sklenky vína;FT0081
226;Fototapeta čtyřdílná - stop;FT0083
227;Fototapeta čtyřdílná - květy;FT0084
228;Fototapeta čtyřdílná - gondola;FT0090
229;Fototapeta čtyřdílná - dětská;FT0097
230;Fototapeta čtyřdílná - větrné mlýny;FT0103
231;Fototapeta čtyřdílná - vesmír;FT0104
232;Fototapeta čtyřdílná - gepardi;FT0105
233;Fototapeta čtyřdílná - šnečci;FT0106
234;Fototapeta čtyřdílná - slon;FT0108
235;Fototapeta čtyřdílná - květy;FT0109
236;Fototapeta čtyřdílná - palmy;FT0110
237;Fototapeta čtyřdílná - černobílá abstrakce;FT0113
238;Fototapeta čtyřdílná - pivoňky;FT0115
239;Fototapeta čtyřdílná - New York;FT0116
240;Fototapeta čtyřdílná - Big Ben;FT0117
241;Fototapeta čtyřdílná - tulipány;FT0120
242;Fototapeta čtyřdílná - pomeranč;FT0121
243;Fototapeta čtyřdílná - květy;FT0122
244;Fototapeta čtyřdílná - růžové květy;FT0125
245;Fototapeta čtyřdílná - ulička;FT0128
246;Fototapeta čtyřdílná - jarní květy;FT0130
247;Fototapeta čtyřdílná - vodopád;FT0133
248;Fototapeta čtyřdílná - prales;FT0134
249;Fototapeta čtyřdílná - květiny;FT0136
250;Fototapeta čtyřdílná - tulipány;FT0137
251;Fototapeta čtyřdílná - květy;FT0138
252;Fototapeta čtyřdílná - koně;FT0142
253;Fototapeta čtyřdílná - moře;FT0144
254;Fototapeta čtyřdílná - květy;FT0145
255;Fototapeta čtyřdílná - dětská;FT0146
256;Fototapeta čtyřdílná - stromy;FT0149
257;Fototapeta čtyřdílná - Brooklynský most;FT0152
258;Fototapeta čtyřdílná - pirát;FT0155
259;Fototapeta čtyřdílná - dětská;FT0156
260;Fototapeta čtyřdílná - moře;FT0157
261;Fototapeta čtyřdílná - zvířátka;FT0161
262;Fototapeta čtyřdílná - město;FT0164
263;Fototapeta čtyřdílná - Brooklynský most;FT0165
264;Fototapeta čtyřdílná - růže;FT0168
265;Fototapeta čtyřdílná - květiny;FT0169
266;Fototapeta čtyřdílná - město;FT0173
267;Fototapeta čtyřdílná - stíhačka;FT0174
268;Fototapeta čtyřdílná - abstrakt;FT0179
269;Fototapeta čtyřdílná - abstrakt;FT0182
270;Fototapeta čtyřdílná - letadlo;FT0183
271;Fototapeta čtyřdílná - vodopády;FT0187
272;Fototapeta čtyřdílná - bílá orchidej;FT0190
273;Fototapeta čtyřdílná - žárovka;FT0191
274;Fototapeta čtyřdílná - Budha;FT0193
275;Fototapeta čtyřdílná - pyramidy;FT0195
276;Fototapeta čtyřdílná - chmýří pampelišky;FT0196
277;Fototapeta čtyřdílná - vlčí máky;FT0197
278;Fototapeta čtyřdílná - město;FT0306
279;Fototapeta čtyřdílná - listy;FT0310
280;Fototapeta čtyřdílná - růže;FT0312
281;Fototapeta čtyřdílná - růže;FT0322
282;Fototapeta čtyřdílná - krajina;FT0324
283;Fototapeta čtyřdílná - auto;FT0326
284;Fototapeta čtyřdílná - skály;FT0328
285;Fototapeta čtyřdílná - písmo;FT0330
286;Fototapeta čtyřdílná - květy;FT0330
287;Fototapeta dvoudílná- Cars;FT1902
288;Fototapeta dvoudílná- Cars;FT1903
289;Fototapeta dvoudílná- Cars;FT1904
290;Fototapeta dvoudílná- Víly;FT1905
291;Fototapeta dvoudílná- Víly;FT1906
292;Fototapeta dvoudílná- Mickey Mouse;FT1907
293;Fototapeta dvoudílná- Hledá se Nemo;FT1910
294;Fototapeta dvoudílná - Medvídek Pů;FT1911
295;Fototapeta dvoudílná - Princes;FT1912
296;Fototapeta dvoudílná - Princes;FT1913
297;Fototapeta dvoudílná - Příšerky s.r.o.;FT1914
298;Fototapeta dvoudílná - Toy story;FT1915
299;Fototapeta dvoudílná - Avengers;FT1916
300;Fototapeta dvoudílná - Avengers;FT1917
301;Fototapeta dvoudílná - Avengers;FT1918
302;Fototapeta dvoudílná - Spiderman;FT1919
303;Fototapeta dvoudílná - Spiderman;FT1920
304;Fototapeta dvoudílná - Spiderman;FT1921
305;Fototapeta dvoudílná - Spiderman;FT1922
306;Fototapeta dvoudílná - Spiderman;FT1923
307;Fototapeta čtyřdílná - Zlatovláska;FT0244
308;Fototapeta čtyřdílná - Cars;FT0245
309;Fototapeta čtyřdílná - Mickey Mouse;FT0248
310;Fototapeta čtyřdílná - Princes;FT0249
311;Fototapeta čtyřdílná - Malá mořská víla;FT0254
312;Fototapeta čtyřdílná - Cars;FT0255
313;Fototapeta čtyřdílná - Cars;FT0256
314;Kočka 4;S.4
315;Fototapeta čtyřdílná - abstrakt květ;FT0334
316;Fototapeta čtyřdílná - květy;FT0340
317;Fototapeta čtyřdílná - Brooklynský most;FT0344
318;Fototapeta čtyřdílná - most;FT0348
319;Fototapeta čtyřdílná - mapa;FT0350
320;Fototapeta čtyřdílná - černobílé květy;FT0354
321;Fototapeta čtyřdílná - abstrakt;FT0356
322;Fototapeta čtyřdílná - město;FT0366
323;Fototapeta čtyřdílná - kvetoucí větvička;FT0354
324;Fototapeta čtyřdílná - květy;FT0372
325;Fototapeta čtyřdílná - moře;FT0374
326;Fototapeta čtyřdílná - Eiffelovka;FT0376
327;Fototapeta čtyřdílná - máky;FT0377
328;Fototapeta čtyřdílná - lilie;FT0378
329;Fototapeta čtyřdílná - růže;FT0380
330;Fototapeta čtyřdílná - letokruhy;FT0379
331;Fototapeta čtyřdílná - lokomotiva;FT1401
332;Fototapeta čtyřdílná - příroda;FT1402
333;Fototapeta čtyřdílná - příroda;FT1403
334;Fototapeta čtyřdílná - kameny;FT1405
335;Fototapeta čtyřdílná - kameny;FT1404
336;Fototapeta čtyřdílná - molo;FT1406
337;Fototapeta čtyřdílná - květ kaly;FT1407
338;Fototapeta čtyřdílná - kajuta;FT1408
339;Fototapeta čtyřdílná - kokpit;FT1410
340;Fototapeta čtyřdílná - příroda;FT1411
341;Fototapeta čtyřdílná - město;FT1412
342;Fototapeta čtyřdílná - auto;FT1413
343;Fototapeta čtyřdílná - vesmír;FT1414
344;Fototapeta čtyřdílná - černobílá orchidej;FT1415
345;Fototapeta čtyřdílná - parkoviště;FT1416
346;Fototapeta čtyřdílná - satén;FT1418
347;Fototapeta čtyřdílná - město;FT1419
348;Fototapeta čtyřdílná - město;FT1421
349;Fototapeta čtyřdílná - město;FT1422
350;Fototapeta čtyřdílná - příroda;FT1423
351;Fototapeta čtyřdílná - kameny;FT1424
352;Fototapeta čtyřdílná - kamen v písku;FT1425
353;Fototapeta čtyřdílná - abstrakt;FT1426
354;Fototapeta čtyřdílná - Londýn;FT1427
355;Fototapeta čtyřdílná - město;FT1428
356;Fototapeta čtyřdílná - bílé kvítky;FT1429
357;Fototapeta čtyřdílná - moře;FT1430
358;Fototapeta čtyřdílná - ostrov;FT1431
359;Fototapeta čtyřdílná - autobus;FT1432
360;Fototapeta čtyřdílná - orchidej;FT1433
361;Fototapeta čtyřdílná - zeď;FT1434
362;Fototapeta čtyřdílná - zeď s motýli;FT1435
363;Fototapeta čtyřdílná - ulička;FT1436
364;Fototapeta čtyřdílná - abstrakce;FT1437
365;Fototapeta čtyřdílná - orchidej;FT1438
366;Fototapeta čtyřdílná - ZOO;FT1439
367;Fototapeta čtyřdílná - tulipány;FT0045
368;Fototapeta čtyřdílná - orchidej;FT0049
369;Fototapeta čtyřdílná - fialové tulipány;FT0065
370;Fototapeta čtyřdílná - růže;FT0086
371;Fototapeta čtyřdílná - tulipány;FT0094
372;Fototapeta čtyřdílná - město;FT0107
373;Fototapeta čtyřdílná - okno;FT0162
374;Fototapeta čtyřdílná - bambus;FT0170
375;Fototapeta čtyřdílná - Eiffelovka;FT0172
376;Fototapeta čtyřdílná - les;FT0181
377;Fototapeta čtyřdílná - feng shui;FT0185
378;Fototapeta čtyřdílná - město;FT00199
379;Fototapeta čtyřdílná - příroda;FT0478
380;Fototapeta čtyřdílná - vlčí máky;FT0479
381;Fototapeta čtyřdílná - Londýn;FT0480
382;Fototapeta čtyřdílná - skály;FT0483
383;Fototapeta čtyřdílná - Socha Svobody;FT1300
384;Fototapeta čtyřdílná - moře;FT1301
385;Fototapeta čtyřdílná - kameny;FT1302
386;Fototapeta čtyřdílná - příroda;FT1303
387;Fototapeta čtyřdílná - březový háj;FT1304
388;Fototapeta čtyřdílná - Brooklynský most;FT1305
389;Fototapeta čtyřdílná - černobílá orchidej;FT1306
390;Fototapeta čtyřdílná - zvířátka;FT1307
391;Fototapeta čtyřdílná - město;FT1308
392;Fototapeta čtyřdílná - město;FT1309
393;Fototapeta čtyřdílná - taxi;FT1310
394;Fototapeta čtyřdílná - západ slunce;FT1311
395;Fototapeta čtyřdílná - já a ty;FT1312
396;Fototapeta čtyřdílná - kameny;FT1313
397;Fototapeta dvoudílná - autobus;FT1600
398;Fototapeta dvoudílná - black and white;FT1601
399;Fototapeta dvoudílná - taxi;FT1602
400;Fototapeta dvoudílná - příroda;FT1603
401;Fototapeta dvoudílná - kameny, zen;FT1604
402;Fototapeta dvoudílná - kočka;FT1605
403;Fototapeta dvoudílná - růže;FT1606
404;Fototapeta dvoudílná - auto;FT1607
405;Fototapeta dvoudílná - bílé květy;FT1608
406;Fototapeta dvoudílná - vodopády;FT1609
407;Fototapeta dvoudílná - palmy;FT1610
408;Fototapeta dvoudílná - strom;FT1611
409;Fototapeta dvoudílná - Londýn;FT1612
410;Fototapeta dvoudílná - Socha Svobody;FT1613
411;Fototapeta dvoudílná - slon;FT1614
412;Fototapeta dvoudílná - abstrakce;FT1615
413;Fototapeta dvoudílná - satén;FT1616
414;Fototapeta dvoudílná - vodopád;FT1617
415;Fototapeta dvoudílná - orchidej;FT1618
416;Fototapeta dvoudílná - ostrov;FT1619
417;Fototapeta dvoudílná - město;FT1620
418;Fototapeta dvoudílná - město;FT1621
419;Fototapeta dvoudílná - gepardi;FT1624
420;Fototapeta dvoudílná - kočka na střeše;FT1626
421;Fototapeta dvoudílná - břízy;FT1628
422;Fototapeta dvoudílná - písmo;FT1629
423;Fototapeta dvoudílná - bílé květy;FT1630
424;Fototapeta jednodílná - auta;FT0902
425;Fototapeta jednodílná - město;FT0903
426;Fototapeta jednodílná - labutě;FT0908
427;Fototapeta jednodílná - levharti;FT0909
428;Fototapeta jednodílná - město;FT0911
429;Fototapeta jednodílná - most;FT0914
430;Fototapeta jednodílná - Eiffelova věž;FT0915
431;Fototapeta jednodílná - tučňáci;FT0916
432;Fototapeta jednodílná - surfing;FT0918
433;Fototapeta jednodílná - kameny;FT0920
434;Fototapeta jednodílná - kameny;FT0921
435;Fototapeta jednodílná - město;FT0922
436;Fototapeta jednodílná - zebry;FT0924
437;Fototapeta jednodílná - pauza;FT0926
438;Fototapeta jednodílná - město;FT0014
439;Fototapeta jednodílná - vlčí máky;FT0030
440;Fototapeta jednodílná - bankovky;FT0041
441;Fototapeta jednodílná - slunečnice;FT0042
442;Fototapeta jednodílná - lodička;FT0200
443;Fototapeta jednodílná - město;FT0202
444;Fototapeta jednodílná - kavárna;FT0206
445;Fototapeta jednodílná - květy;FT0210
446;Fototapeta jednodílná - dřevo;FT0228
447;Fototapeta jednodílná - Brooklynský most;FT0229
448;Fototapeta jednodílná - pastelky;FT0293
449;Fototapeta jednodílná - vinný sklep;FT0294
450;Fototapeta jednodílná - korek;FT0295
451;Fototapeta jednodílná - krajina;FT0296
452;Fototapeta jednodílná - větrný mlýn;FT0297
453;Fototapeta jednodílná - abstrakce;FT0298
454;Fototapeta jednodílná - město;FT0299
455;Fototapeta jednodílná - tramvaj;FT0300
456;Fototapeta jednodílná - abstrakt;FT0301
457;Fototapeta jednodílná - město;FT0303
458;Fototapeta jednodílná - město;FT1501
459;Fototapeta jednodílná - zebry;FT1502
460;Fototapeta jednodílná - rostliny;FT1503
461;Fototapeta jednodílná - břízy;FT1504
462;Fototapeta jednodílná - visutý most;FT1505
463;Fototapeta jednodílná - květ růže;FT1508
464;Fototapeta jednodílná - město;FT1509
465;Fototapeta jednodílná - březový háj;FT1510
466;Fototapeta jednodílná - levhart;FT1511
467;Fototapeta jednodílná - červený autobus;FT1512
468;Fototapeta jednodílná - loď;FT1513
469;Fototapeta jednodílná - růžová orchidej;FT1514
470;Fototapeta jednodílná - Benátky;FT1515
471;Fototapeta jednodílná - kajuta;FT1516
472;Fototapeta jednodílná - osvětlený most;FT1517
473;Fototapeta jednodílná - ulička;FT1518
474;Fototapeta jednodílná - motýli;FT1519
475;Fototapeta jednodílná - kameny v písku;FT1520
476;Fototapeta jednodílná - tučňáci;FT1521
477;Fototapeta jednodílná - kameny;FT1522
478;Fototapeta dvoudílná - tygři;FT1625
479;Fototapeta jednodílná - Cars;FT0281
480;Fototapeta jednodílná - Cars;FT0282
481;Fototapeta jednodílná - Víly;FT0283
482;Fototapeta jednodílná - Mickey Mouse;FT0284
483;Fototapeta jednodílná - piráti;FT0285
484;Fototapeta jednodílná - princezny;FT0286
485;Fototapeta jednodílná - Malá mořská víla;FT0701
486;Fototapeta jednodílná - Rebelka;FT0702
487;Fototapeta jednodílná - Cars;FT0703
488;Fototapeta jednodílná - Zvonilka;FT0704
489;Fototapeta jednodílná - Cars;FT0705
490;Fototapeta jednodílná - Mickey Mouse;FT0706
491;Fototapeta jednodílná - Muppet;FT0707
492;Fototapeta jednodílná - Příšerky s.r.o.;FT0708
493;Fototapeta jednodílná - Medvídek Pú;FT0709
494;Fototapeta jednodílná - Medvídek Pú;FT0710
495;Fototapeta jednodílná - princezny;FT0711
496;Fototapeta jednodílná - Toy Story;FT0712
497;Fototapeta jednodílná - Spiderman;FT0713
498;Fototapeta jednodílná - Spiderman;FT0714
499;Fototapeta jednodílná - Spiderman;FT0715
500;Fototapeta jednodílná - Spiderman;FT0716
501;Fototapeta jednodílná - Avengers;FT0717
502;Fototapeta jednodílná - Avengers;FT0718
503;Fototapeta čtyřdílná - Cars;FT0257
504;Fototapeta čtyřdílná - Víly;FT0258
505;Fototapeta čtyřdílná - Víly;FT0259
506;Fototapeta čtyřdílná - Mickeyho parta;FT0260
507;Fototapeta čtyřdílná - Mickeyho parta;FT0261
508;Fototapeta čtyřdílná - Medvídek Pú;FT0263
509;Fototapeta čtyřdílná - Sněhurka;FT0265
510;Fototapeta čtyřdílná - Cars;FT2200
511;Fototapeta čtyřdílná - Cars;FT2201
512;Fototapeta čtyřdílná - Hledá se Nemo;FT2202
513;Fototapeta čtyřdílná - Rebelka;FT2203
514;Fototapeta čtyřdílná - Příšerky s.r.o.;FT2204
515;Fototapeta čtyřdílná - Toy Story;FT2205
516;Fototapeta čtyřdílná - Spiderman;FT2210
517;Fototapeta čtyřdílná - Spiderman;FT2211
518;Fototapeta čtyřdílná - Spiderman;FT2212
519;Fototapeta čtyřdílná - Spiderman;FT2213
520;Fototapeta čtyřdílná - Avengers;FT2214
521;Fototapeta čtyřdílná - Avengers;FT2215
522;Fototapeta čtyřdílná - Cars;FT2216
523;Fototapeta čtyřdílná - Mickey a Minnie Mouse;FT2217
524;Fototapeta čtyřdílná - Cars;FT0246
525;Fototapeta čtyřdílná - Medvídek Pú;FT0247
526;Fototapeta čtyřdílná - Víly;FT0251
527;Fototapeta čtyřdílná -Sněhurka;FT0252
528;Fototapeta čtyřdílná - Mickey Mouse;FT0253
529;Fototapeta čtyřdílná - Princezny;FT0264
530;Fototapeta čtyřdílná - Cars;FT0287
531;Fototapeta jednodílná - National Geographics;1-600
532;Fototapeta jednodílná - mušle;1-601
533;Fototapeta jednodílná - Paříž;1-602
534;Fototapeta jednodílná - National Geographics - skály;1-603
535;Fototapeta jednodílná - lední medvědi;1-605
536;Fototapeta jednodílná - západ slunce;1-607
537;Fototapeta jednodílná - orchidej;1-608
538;Fototapeta jednodílná - orloj;1-609
539;Fototapeta jednodílná - Budha;1-610
540;Fototapeta jednodílná - řeka;1-611
541;Fototapeta jednodílná - feng hsui;1-612
542;Fototapeta jednodílná - Paříž;1-613
543;Fototapeta jednodílná - New York;1-614
544;Fototapeta jednodílná - levandule;1-615
545;Fototapeta jednodílná - kuchyňské zátiší;1-618
546;Fotoapeta čtyřdílná - Brooklynský most;4-320
547;Fotoapeta čtyřdílná - Paříž;4-321
548;Fotoapeta čtyřdílná - Florencie;4-714
549;Fotoapeta čtyřdílná - Londýn;4-315
550;Fotoapeta čtyřdílná - Metropole;4-258
551;Fototapeta osmidílná - Walkway;8-325
552;Fototapeta osmidílná - Neon;8-731
553;Fototapeta osmidílná - most;8-733
554;Fototapeta osmidílná - Skyline;8-913
555;Fototapeta osmidílná - La Defense;8-912
556;Fototapeta osmidílná - San Marco;8-925
557;Fototapeta osmidílná - Penthouse;8-916
558;Fototapeta osmidílná - tulipány;8-900
559;Fototapeta osmidílná - růže;8-894
560;Fototapeta osmidílná - kapky vody;8-889
561;Fototapeta osmidílná - tráva;8-886
562;Fototapeta osmidílná - květy;8-736
563;Fototapeta dvoudílná - Day Dream;2-1884
564;Fototapeta dvoudílná - vodopád;2-1047
565;Fototapeta dvoudílná - vodopády;2-1256
566;Fototapeta dvoudílná - břízy;2-1717
567;Fotoapeta čtyřdílná - National Geographics - Afrika;4-501
568;Fotoapeta čtyřdílná - Alpské jezero;4-734
569;Fototapeta dvoudílná - palmy;2-1313
570;Fotoapeta čtyřdílná - růže;4-077
571;Fototapeta jednodílná - National Geographics - lev;1-619
572;Fototapeta osmidílná - National Geographics - Arch Canyon;8-521
573;Fototapeta osmidílná - National Geographics - slunce v horách;8-525
574;Fototapeta osmidílná - National Geographics - Old Giant;8-520
575;Fototapeta osmidílná - National Geographics - Fantasy Forest;8-523
576;Fototapeta osmidílná - Indian Summer;8-903
577;Fototapeta osmidílná - Dolomity;8.17
578;Fototapeta osmidílná - Paradise;8-253
579;Fototapeta dvoudílná - Palma;2-1255
580;Fototapeta osmidílná - palmy;8-255
581;Fototapeta osmidílná - molo;8-918
582;Fototapeta jednodílná - Cars;1-404
583;Fototapeta jednodílná - Cars;1-402
584;Fototapeta jednodílná - Piráti z Karibiku;1-419
585;Fototapeta čtyřdílná - Sněhurka;4-405
586;Fototapeta čtyřdílná - Nemo;4-406
587;Fototapeta čtyřdílná - Popelka;4-407
588;Fototapeta jednodílná - Minnie;1-422
589;Fototapeta jednodílná - Piráti z Karibiku;1-408
590;Fototapeta jednodílná - Piráti z Karibiku;1-420
591;Fototapeta jednodílná - Víly;1-416
592;Fototapeta jednodílná - Lví král;1-418
593;Fototapeta jednodílná - Medvídek Pú;1-409
594;Fototapeta jednodílná - Medvídek Pú;1-412
595;Fototapeta jednodílná - Princezny;1-417
596;Fototapeta čtyřdílná - Cars;4-401
597;Fototapeta čtyřdílná - Medvídek Pú;4-411
598;Fototapeta osmidílná - hortenzie;8-705
599;Fototapeta osmidílná - tulipány;8-708
600;Fototapeta osmidílná - máky;8-257
601;Fotoapeta čtyřdílná - květy;4-749
602;Fotoapeta čtyřdílná - růžový květ;4-713
603;Fotoapeta čtyřdílná - fialový květ;4-711
604;Fotoapeta čtyřdílná - bílé květy;4-259
605;Fototapeta jednodílná - Spiderman;1-424
606;Fototapeta jednodílná - Spiderman;1-425
607;Fototapeta jednodílná - Neon Spiderman;1-426
608;Fototapeta jednodílná - Hulk;1-429
609;Fototapeta jednodílná - Black Widow;1-430
610;Fototapeta jednodílná - Captain America;1-431
611;Fototapeta jednodílná - Comics;1-435
612;Fototapeta jednodílná - Spiderman;1-437
613;Fototapeta jednodílná - Spiderman;1-442
614;Fototapeta čtyřdílná - Spiderman;4-433
615;Fototapeta čtyřdílná - Avengers;4-434
616;Fototapeta osmidílná - Avengers;8-432
617;Fototapeta osmidílná - Spiderman;8-467
618;Fototapeta osmidílná - lilie;8-928
619;Fototapeta osmidílná - Řím;8-932
620;Fototapeta osmidílná - výhled na moře;8-931
621;Fototapeta osmidílná - National Geographics -jezero;8-524
622;Fototapeta osmidílná - National Geographics - plachetnice;8-526
623;Fototapeta čtyřdílná - neon Cars;4-477
624;Fototapeta osmidílná - šerif a indián;8-473
625;Fototapeta osmidílná - Princess;8-476
626;Fototapeta osmidílná - pláž;8-921
627;Fototapeta osmidílná - most;8-924
628;Fototapeta osmidílná - Tower Bridge;8-927
629;Fotoapeta čtyřdílná - květy;4-926
630;Fototapeta čtyřdílná - Ariel;4-463
631;Fototapeta čtyřdílná - Dusty a přátelé;4-452
632;Fototapeta čtyřdílná - Medvídek Pú;4-453
633;Fototapeta jednodílná - Princezny;1-454
634;Fototapeta osmidílná - Letadla;8-469
635;Fototapeta jednodílná - Monsters;1-470
636;Fototapeta jednodílná - Letadla;1-464
637;Fototapeta osmidílná - Víly;8-466
638;Fototapeta osmidílná - Monsters;8-471
639;Fototapeta jednodílná - Minnie;1-472
640;Fototapeta osmidílná - Letadla;8-465
641;Fotoapeta čtyřdílná - břečťan;4-324
642;Vliesová fototapeta jednodílná - pyramidy;S-100
643;Vliesová fototapeta jednodílná - Brooklynský most;S-101
644;Vliesová fototapeta jednodílná - New York;S-102
645;Vliesová fototapeta jednodílná - Paříž;S-103
646;Vliesová fototapeta jednodílná - Manhattan;S-104
647;Vliesová fototapeta jednodílná - Bridge;S-105
648;Vliesová fototapeta jednodílná - Machu Pichu;S-106
649;Vliesová fototapeta jednodílná - Taxi;S-107
650;Vliesová fototapeta jednodílná - podloubí;S-108
651;Vliesová fototapeta jednodílná - Karlštejn;S-109
652;Vliesová fototapeta jednodílná - telefonní budka;S-110
653;Vliesová fototapeta jednodílná - Taj Mahal;S-111
654;Vliesová fototapeta jednodílná - Velikonoční ostrovyMahal;S-112
655;Vliesová fototapeta jednodílná - Egypt;S-113
656;Vliesová fototapeta jednodílná - Pisa;S-114
657;Vliesová fototapeta jednodílná - Velikonoční ostrovy;S-115
658;Vliesová fototapeta jednodílná - most;S-116
659;Vliesová fototapeta jednodílná - les;S-117
660;Vliesová fototapeta jednodílná - Matterhorn;S-118
661;Vliesová fototapeta jednodílná - větrný mlýn;S-119
662;Vliesová fototapeta jednodílná - Sunrise in Mountains;S-120
663;Vliesová fototapeta jednodílná - Japonská zahrada;S-121
664;Vliesová fototapeta jednodílná - Baloons;S-122
665;Vliesová fototapeta jednodílná - Limassol;S-123
666;Vliesová fototapeta jednodílná - vodopád;S-124
667;Vliesová fototapeta jednodílná - jezero;S-125
668;Vliesová fototapeta jednodílná - podzimní stromy;S-126
669;Vliesová fototapeta jednodílná - hory;S-127
670;Vliesová fototapeta jednodílná - vodopád;S-128
671;Vliesová fototapeta jednodílná - Niagarské vodopády;S-129
672;Vliesová fototapeta jednodílná - Galaxy;S-130
673;Vliesová fototapeta jednodílná - vesmír;S-131
674;Vliesová fototapeta jednodílná - vlak;S-132
675;Vliesová fototapeta jednodílná - kamená zeď;S-133
676;Vliesová fototapeta jednodílná - kamená zeď;S-134
677;Vliesová fototapeta jednodílná - dřevo;S-135
678;Vliesová fototapeta jednodílná - bambus;S-136
679;Vliesová fototapeta jednodílná - oblázky;S-137
680;Vliesová fototapeta jednodílná - cihlová zeď;S-138
681;Vliesová fototapeta jednodílná - dřevěný plot;S-139
682;Vliesová fototapeta jednodílná - modrý dřevěný plot;S-140
683;Vliesová fototapeta jednodílná - červený dřevěný plot;S-141
684;Vliesová fototapeta jednodílná - molo;S-142
685;Vliesová fototapeta jednodílná - maják;S-143
686;Vliesová fototapeta jednodílná - Algarve beach;S-144
687;Vliesová fototapeta jednodílná - pláž s palmou;S-145
688;Vliesová fototapeta jednodílná - pláž;S-146
689;Vliesová fototapeta jednodílná - vlny;S-147
690;Vliesová fototapeta jednodílná - Santorini;S-148
691;Vliesová fototapeta jednodílná - tropická pláž;S-149
692;Vliesová fototapeta jednodílná - větrný mlýn, Řecko;S-150
693;Vliesová fototapeta jednodílná - windsurfing;S-151
694;Vliesová fototapeta jednodílná - Řecko;S-152
695;Vliesová fototapeta jednodílná - kameny na pláži;S-153
696;Vliesová fototapeta jednodílná - plody moře;S-154
697;Vliesová fototapeta jednodílná - pláž;S-155
698;Vliesová fototapeta jednodílná - regatta;S-156
699;Vliesová fototapeta jednodílná - kameny;S-157
700;Vliesová fototapeta jednodílná - západ slunce;S-158
701;Vliesová fototapeta jednodílná - feng shui;S-159
702;Vliesová fototapeta jednodílná - gerbery;S-160
703;Vliesová fototapeta jednodílná - pole s květinami;S-161
704;Vliesová fototapeta jednodílná - zahrada;S-162
705;Vliesová fototapeta jednodílná - levandulové pole;S-163
706;Vliesová fototapeta jednodílná - vlčí mák;S-164
707;Vliesová fototapeta jednodílná - dveře a květiny;S-165
708;Vliesová fototapeta jednodílná - vlčí máky;S-166
709;Vliesová fototapeta jednodílná - modrá mozaika;S-167
710;Vliesová fototapeta jednodílná - slunečnice a levandule;S-168
711;Vliesová fototapeta jednodílná - červená mozaika;S-169
712;Vliesová fototapeta jednodílná - červené květy;S-170
713;Vliesová fototapeta jednodílná - tradiční Řecko;S-171
714;Vliesová fototapeta jednodílná - žluté květy;S-172
715;Vliesová fototapeta jednodílná - feng shui;S-173
716;Vliesová fototapeta jednodílná - gepardí mládě;S-174
717;Vliesová fototapeta jednodílná - žirafy;S-175
718;Vliesová fototapeta jednodílná - koťata;S-176
719;Vliesová fototapeta jednodílná - lev;S-177
720;Vliesová fototapeta jednodílná - nosorožec;S-178
721;Vliesová fototapeta jednodílná - slon;S-179
722;Vliesová fototapeta jednodílná - žirafa;S-180
723;Vliesová fototapeta jednodílná - štěňata;S-181
724;Vliesová fototapeta jednodílná - papoušci;S-182
725;Vliesová fototapeta jednodílná - papoušci;S-184
726;Vliesová fototapeta jednodílná - štěňata;S-185
727;Vliesová fototapeta jednodílná - kotě v trávě;S-186
728;Vliesová fototapeta jednodílná - podmořský svět;S-187
729;Vliesová fototapeta jednodílná - beruška;S-188
730;Vliesová fototapeta jednodílná - levhart;S-189
731;Vliesová fototapeta jednodílná - žena;S-190
732;Vliesová fototapeta jednodílná - abstrakt;S-192
733;Vliesová fototapeta jednodílná - věž;S-193
734;Vliesová fototapeta jednodílná - Socha Svobody;S-194
735;Vliesová fototapeta jednodílná - abstrakt;S-195
736;Vliesová fototapeta jednodílná - starý dům;S-196
737;Vliesová fototapeta jednodílná - schody;S-197
738;Vliesová fototapeta jednodílná - červená abstrakce;S-198
739;Vliesová fototapeta jednodílná - fialová abstrakce;S-199
740;Vliesová fototapeta jednodílná - modrá abstrakce;S-200
741;Vliesová fototapeta jednodílná - zelenožlutá abstrakce;S-201
742;Vliesová fototapeta jednodílná - modré květy;S-202
743;Vliesová fototapeta jednodílná - červené květy;S-203
744;Vliesová fototapeta jednodílná - zelené květy;S-204
745;Vliesová fototapeta jednodílná - květy;S-205
746;Vliesová fototapeta jednodílná - zelená abstrakce;S-206
747;Vliesová fototapeta jednodílná - modrá abstrakce;S-207
748;Vliesová fototapeta jednodílná - auto;S-208
749;Vliesová fototapeta jednodílná - pivo;S-209
750;Vliesová fototapeta jednodílná - šálek kávy;S-210
751;Vliesová fototapeta jednodílná - fotbal;S-211
752;Vliesová fototapeta jednodílná - bicycle;S-212
753;Vliesová fototapeta jednodílná - cofee;S-213
754;Vliesová fototapeta jednodílná - sudy s vínem;S-215
755;Vliesová fototapeta jednodílná - kostky ledu;S-216
756;Vliesová fototapeta jednodílná - bicycle;S-217
757;Vliesová fototapeta jednodílná - pomeranč;S-218
758;Vliesová fototapeta jednodílná - pivo;S-219
759;Vliesová fototapeta jednodílná - fotbal;S-220
760;Vliesová fototapeta jednodílná - cofee time;S-221
761;Vliesová fototapeta jednodílná - ovečky;S-222
762;Vliesová fototapeta jednodílná - piráti;S-223
763;Vliesová fototapeta jednodílná - krokodýl;S-224
764;Vliesová fototapeta jednodílná - africká zvířátka;S-225
765;Vliesová fototapeta jednodílná - zvířátka;S-226
766;Vliesová fototapeta jednodílná - děti;S-227
767;Vliesová fototapeta jednodílná - děti;S-228
768;Vliesová fototapeta jednodílná - zvířátka;S-229
769;Vliesová fototapeta jednodílná - farma;S-230
770;Vliesová fototapeta jednodílná - mořská zvířátka;S-231
771;Vliesová fototapeta jednodílná - zvířátka v lese;S-232
772;Vliesová fototapeta jednodílná - zvířátka na poušti;S-233
773;Vliesová fototapeta jednodílná - zvířátka v lese;S-234
774;Vliesová fototapeta jednodílná - hrad;S-235
775;Vliesová fototapeta dvoudílná - New York;M-100
776;Vliesová fototapeta dvoudílná - Brooklyn Bridge;M-101
777;Vliesová fototapeta dvoudílná - žlutý taxík;M-102
778;Vliesová fototapeta dvoudílná - most;M-103
779;Vliesová fototapeta dvoudílná - train;M-104
780;Vliesová fototapeta dvoudílná - Grand canal;M-105
781;Vliesová fototapeta dvoudílná - Praha;M-106
782;Vliesová fototapeta dvoudílná - Taj Mahal;M-107
783;Vliesová fototapeta dvoudílná - Golden Gate;M-108
784;Vliesová fototapeta dvoudílná - podloubí;M-109
785;Vliesová fototapeta dvoudílná - Sydney;M-110
786;Vliesová fototapeta dvoudílná - City;M-111
787;Vliesová fototapeta dvoudílná - žlutý taxík;M-112
788;Vliesová fototapeta dvoudílná - historie;M-113
789;Vliesová fototapeta dvoudílná - Niagarské vodopády;M-114
790;Vliesová fototapeta dvoudílná - Everest;M-115
791;Vliesová fototapeta dvoudílná - promenáda;M-116
792;Vliesová fototapeta dvoudílná - slunce ve skalách;M-117
793;Vliesová fototapeta dvoudílná - strom;M-118
794;Vliesová fototapeta dvoudílná - Japonská zahrada;M-119
795;Vliesová fototapeta dvoudílná - jezero;M-120
796;Vliesová fototapeta dvoudílná - podzimní stromy;M-121
797;Vliesová fototapeta dvoudílná - hory;M-122
798;Vliesová fototapeta dvoudílná - vodopád;M-123
799;Vliesová fototapeta dvoudílná - třešňová alej;M-124
800;Vliesová fototapeta dvoudílná - vlak;M-125
801;Vliesová fototapeta dvoudílná - slunce v horách;M-126
802;Vliesová fototapeta dvoudílná - balony;M-127
803;Vliesová fototapeta dvoudílná - vesmír;M-128
804;Vliesová fototapeta dvoudílná - vesmír;M-129
805;Vliesová fototapeta dvoudílná - město;M-130
806;Vliesová fototapeta dvoudílná - Galaxy;M-131
807;Vliesová fototapeta dvoudílná - měsíc;M-132
808;Vliesová fototapeta dvoudílná - World map;M-133
809;Vliesová fototapeta dvoudílná - starý povoz;M-134
810;Vliesová fototapeta dvoudílná - vesmír;M-135
811;Vliesová fototapeta dvoudílná - příroda;M-136
812;Vliesová fototapeta dvoudílná - hory;M-137
813;Vliesová fototapeta dvoudílná - kamenná zeď;M-138
814;Vliesová fototapeta dvoudílná - cihlová zeď;M-139
815;Vliesová fototapeta dvoudílná - bambus;M-140
816;Vliesová fototapeta dvoudílná - kamenná zeď;M-141
817;Vliesová fototapeta dvoudílná - oblázky;M-142
818;Vliesová fototapeta dvoudílná - dřevo;M-143
819;Vliesová fototapeta dvoudílná - dřevo;M-144
820;Vliesová fototapeta dvoudílná - dřevěný laťky hnědé;M-145
821;Vliesová fototapeta dvoudílná - dřevěný latě modré;M-146
822;Vliesová fototapeta dvoudílná - dřevěný laťky červené;M-147
823;Vliesová fototapeta dvoudílná - lehátko na pláži;M-148
824;Vliesová fototapeta dvoudílná - kameny na pobřeží;M-149
825;Vliesová fototapeta dvoudílná - vlny;M-150
826;Vliesová fototapeta dvoudílná - mořské hvězdice;M-151
827;Vliesová fototapeta dvoudílná - skály;M-152
828;Vliesová fototapeta dvoudílná - pláž;M-153
829;Vliesová fototapeta dvoudílná - pohled na pláž;M-154
830;Vliesová fototapeta dvoudílná - molo;M-155
831;Vliesová fototapeta dvoudílná - maják;M-156
832;Vliesová fototapeta dvoudílná - Tori Gate;M-157
833;Vliesová fototapeta dvoudílná - kameny;M-158
834;Vliesová fototapeta dvoudílná - Řecko;M-159
835;Vliesová fototapeta dvoudílná - plachetnice;M-160
836;Vliesová fototapeta dvoudílná - palmy;M-161
837;Vliesová fototapeta dvoudílná - pláž;M-162
838;Vliesová fototapeta dvoudílná - mořské pobřeží;M-163
839;Vliesová fototapeta dvoudílná - červená mozaika;M-164
840;Vliesová fototapeta dvoudílná - fialové květy;M-165
841;Vliesová fototapeta dvoudílná - levandulové pole;M-166
842;Vliesová fototapeta dvoudílná - máky;M-167
843;Vliesová fototapeta dvoudílná - gerbery;M-168
844;Vliesová fototapeta dvoudílná - žluté květy;M-169
845;Vliesová fototapeta dvoudílná - západ slunce;M-170
846;Vliesová fototapeta dvoudílná - pole tulipánů;M-171
847;Vliesová fototapeta dvoudílná - vlčí máky;M-172
848;Vliesová fototapeta dvoudílná - kameny, zen;M-173
849;Vliesová fototapeta dvoudílná - slunečnice;M-174
850;Vliesová fototapeta dvoudílná - orosená tráva;M-175
851;Vliesová fototapeta dvoudílná - modrá mozaika;M-176
852;Vliesová fototapeta dvoudílná - feng shui;M-177
853;Vliesová fototapeta dvoudílná - květinová pole;M-178
854;Vliesová fototapeta dvoudílná - květiny;M-179
855;Vliesová fototapeta dvoudílná - štěňata;M-180
856;Vliesová fototapeta dvoudílná - slon;M-181
857;Vliesová fototapeta dvoudílná - koťata;M-182
858;Vliesová fototapeta dvoudílná - lvice;M-183
859;Vliesová fototapeta dvoudílná - kolibřík;M-184
860;Vliesová fototapeta dvoudílná - žirafy;M-185
861;Vliesová fototapeta dvoudílná - delfíni;M-186
862;Vliesová fototapeta dvoudílná - gepard;M-187
863;Vliesová fototapeta dvoudílná - berušky;M-188
864;Vliesová fototapeta dvoudílná - nosorožec;M-189
865;Vliesová fototapeta dvoudílná - macaové;M-190
866;Vliesová fototapeta dvoudílná - animal;M-191
867;Vliesová fototapeta dvoudílná - domácí mazlíčci;M-192
868;Vliesová fototapeta dvoudílná - Afrika;M-193
869;Vliesová fototapeta dvoudílná - schody;M-194
870;Vliesová fototapeta dvoudílná - drak;M-196
871;Vliesová fototapeta dvoudílná - věž;M-198
872;Vliesová fototapeta dvoudílná - abstrakce;M-199
873;Vliesová fototapeta dvoudílná - fialová abstrakce;M-200
874;Vliesová fototapeta dvoudílná - zelená abstrakce;M-201
875;Vliesová fototapeta dvoudílná - červené květy;M-202
876;Vliesová fototapeta dvoudílná - hnědé květy;M-203
877;Vliesová fototapeta dvoudílná - modré květy;M-204
878;Vliesová fototapeta dvoudílná - abstrakce;M-205
879;Vliesová fototapeta dvoudílná - červená abstrakce;M-206
880;Vliesová fototapeta dvoudílná - fialová abstrakce;M-207
881;Vliesová fototapeta dvoudílná - žlutá abstrakce;M-208
882;Vliesová fototapeta dvoudílná - modrá abstrakce;M-209
883;Vliesová fototapeta dvoudílná - pomeranč a kostky ledu;M-210
884;Vliesová fototapeta dvoudílná - pivo;M-211
885;Vliesová fototapeta dvoudílná - sudy vína;M-212
886;Vliesová fototapeta dvoudílná - formule;M-213
887;Vliesová fototapeta dvoudílná - zátiší s kávou;M-214
888;Vliesová fototapeta dvoudílná - ohnivé auto;M-215
889;Vliesová fototapeta dvoudílná - bílé auto;M-216
890;Vliesová fototapeta dvoudílná - fotbalový míč;M-217
891;Vliesová fototapeta dvoudílná - červené auto;M-218
892;Vliesová fototapeta dvoudílná - coffee;M-220
893;Vliesová fototapeta dvoudílná - football;M-221
894;Vliesová fototapeta dvoudílná - coffee;M-222
895;Vliesová fototapeta dvoudílná - led a ovoce;M-223
896;Vliesová fototapeta dvoudílná - fotbal;M-224
897;Vliesová fototapeta dvoudílná - pivo a víno;M-225
898;Vliesová fototapeta dvoudílná - dráčci;M-226
899;Vliesová fototapeta dvoudílná - ovečky;M-227
900;Vliesová fototapeta dvoudílná - park;M-228
901;Vliesová fototapeta dvoudílná - hřiště;M-229
902;Vliesová fototapeta dvoudílná - zvířátka;M-230
903;Vliesová fototapeta dvoudílná - zábavní park;M-231
904;Vliesová fototapeta dvoudílná - africká zvířátka;M-232
905;Vliesová fototapeta dvoudílná - les;M-233
906;Vliesová fototapeta dvoudílná - farma;M-234
907;Vliesová fototapeta dvoudílná - zvířátka na poušti;M-235
908;Vliesová fototapeta dvoudílná - piráti;M-236
909;Vliesová fototapeta dvoudílná - zvířátka;M-237
910;Vliesová fototapeta dvoudílná - africká zvířátka;M-238
911;Vliesová fototapeta dvoudílná - děti;M-239
912;Vliesová fototapeta dvoudílná - žluté taxi;L-100
913;Vliesová fototapeta dvoudílná - Golden Gate;L-101
914;Vliesová fototapeta dvoudílná - British phones;L-102
915;Vliesová fototapeta dvoudílná - Paříž;L-103
916;Vliesová fototapeta dvoudílná - Brooklynský most;L-104
917;Vliesová fototapeta dvoudílná - Tower Bridge;L-105
918;Vliesová fototapeta dvoudílná - Hong Kong;L-106
919;Vliesová fototapeta dvoudílná - New York;L-107
920;Vliesová fototapeta dvoudílná - loď;L-108
921;Vliesová fototapeta dvoudílná - pyramidy;L-109
922;Vliesová fototapeta dvoudílná - Pisa;L-110
923;Vliesová fototapeta dvoudílná - Sydney;L-111
924;Vliesová fototapeta dvoudílná - Machu Pichu;L-112
925;Vliesová fototapeta dvoudílná - Egypt;L-113
926;Vliesová fototapeta dvoudílná - most;L-114
927;Vliesová fototapeta dvoudílná - Praha;L-115
928;Vliesová fototapeta dvoudílná - Grand Canal;L-116
929;Vliesová fototapeta dvoudílná - Velikonoční ostrovy;L-117
930;Vliesová fototapeta dvoudílná - Karlštejn;L-118
931;Vliesová fototapeta dvoudílná - vlak;L-119
932;Vliesová fototapeta dvoudílná - Saint Michel;L-120
933;Vliesová fototapeta dvoudílná - Taj Mahal;L-121
934;Vliesová fototapeta dvoudílná - pyramida;L-122
935;Vliesová fototapeta dvoudílná - Čínská zeď;L-123
936;Vliesová fototapeta dvoudílná - Route 66;L-125
937;Vliesová fototapeta dvoudílná - třešňová alej;L-126
938;Vliesová fototapeta dvoudílná - akácie;L-127
939;Vliesová fototapeta dvoudílná - jezero;L-128
940;Vliesová fototapeta dvoudílná - řeka;L-129
941;Vliesová fototapeta dvoudílná - les;L-130
942;Vliesová fototapeta dvoudílná - slunce v horách;L-131
943;Vliesová fototapeta dvoudílná - Matterhorn;L-132
944;Vliesová fototapeta dvoudílná - most;L-133
945;Vliesová fototapeta dvoudílná - Grand Canyon;L-134
946;Vliesová fototapeta dvoudílná - Colorado;L-135
947;Vliesová fototapeta dvoudílná - Niagara;L-136
948;Vliesová fototapeta dvoudílná - Desert;L-137
949;Vliesová fototapeta dvoudílná - zimní krajina;L-138
950;Vliesová fototapeta dvoudílná - vesmír;L-139
951;Vliesová fototapeta dvoudílná - vesmír;L-140
952;Vliesová fototapeta dvoudílná - Galaxy;L-141
953;Vliesová fototapeta dvoudílná - měsíc;L-142
954;Vliesová fototapeta dvoudílná - vlak;L-143
955;Vliesová fototapeta dvoudílná - Futuristic city;L-144
956;Vliesová fototapeta dvoudílná - Astronaut;L-145
957;Vliesová fototapeta dvoudílná - Everest;L-146
958;Vliesová fototapeta dvoudílná - feng shui;L-198
959;Vliesová fototapeta dvoudílná - květiny;L-193
960;Vliesová fototapeta dvoudílná - koláž moře;L-183
961;Vliesová fototapeta dvoudílná - japonská zahrada;L-147
962;Vliesová fototapeta dvoudílná - balony;L-148
963;Vliesová fototapeta dvoudílná - promenáda;L-149
964;Vliesová fototapeta dvoudílná - starý povoz;L-150
965;Vliesová fototapeta dvoudílná - slunce v horách;L-151
966;Vliesová fototapeta dvoudílná - dřevo;L-152
967;Vliesová fototapeta dvoudílná - černý kůň;L-213
968;Vliesová fototapeta dvoudílná - kameny na pláži;L-172
969;Vliesová fototapeta dvoudílná - dřevo;L-154
970;Vliesová fototapeta dvoudílná - kameny;L-155
971;Vliesová fototapeta dvoudílná - oblázky;L-156
972;Vliesová fototapeta dvoudílná - kamenná zeď;L-157
973;Vliesová fototapeta dvoudílná - cihlová zeď;L-158
974;Vliesová fototapeta dvoudílná - vlny;L-164
975;Vliesová fototapeta dvoudílná - maják;L-166
976;Lepidlo na fototapety - 001 Lepidlo Pufas Spezial Vinyl 200 g;0542-OE
977;Fototapeta osmidílná - město;8-125(W&G)
978;Fototapeta osmidílná - Manhattan;8-119(W&G)
979;Fototapeta osmidílná - Brooklynský most;8-114 (W&G)
980;Fototapeta osmidílná - podmořský svět;8-118 (W&G)
981;Fototapeta osmidílná - podmořský svět;8-118 (W&G)
982;Fototapeta osmidílná - město;8-120 (W&G)
983;Fototapeta osmidílná - bambusový les;8-123 (W&G)
984;Fototapeta osmidílná - zimní hory;8-124 (W&G)
985;Fototapeta osmidílná - No more grey walls;8-126 (W&G)
986;Fototapeta osmidílná - pláž;8-127 (W&G)
987;Fototapeta osmidílná - příroda, most;8-132 (W&G)
988;Fototapeta osmidílná - San Francisci;8-134 (W&G)
989;Fototapeta osmidílná - Shanghai;8-135 (W&G)
990;Fototapeta osmidílná - park;8-136 (W&G)
991;Fototapeta osmidílná - tulipány;8-137 (W&G)
992;Fototapeta osmidílná - tulipány;8-137 (W&G)
993;Fototapeta osmidílná - město;8-117 (W&G)
994;Samolepící fototapeta na dveře - New York;D001
995;Samolepící fototapeta na dveře - vesmír;D002
996;Samolepící fototapeta na dveře - les;D003
997;Samolepící fototapeta na dveře - vodopád;D004
998;Samolepící fototapeta na dveře - lávka;D005
999;Samolepící fototapeta na dveře - jezero;D006
1000;Samolepící fototapeta na dveře - slunečnice;D007
1001;Samolepící fototapeta na dveře - zen, kameny;D008
1002;Samolepící fototapeta na dveře - červená mozaika;D009
1003;Samolepící fototapeta na dveře - New York;D010
1004;Samolepící fototapeta na dveře - gerbera;D011
1005;Samolepící fototapeta na dveře - vlčí máky;D012
1006;Samolepící fototapeta na dveře - rákosí u jezera;D013
1007;Samolepící fototapeta na dveře - kameny;D014
1008;Samolepící fototapeta na dveře - pláž s palmou;D015
1009;Samolepící fototapeta na dveře - molo;D016
1010;Samolepící fototapeta na dveře - jezero;D017
1011;Samolepící fototapeta na dveře - zahrada;D018
1012;Samolepící fototapeta na dveře - kajuta;D019
1013;Samolepící fototapeta na dveře - telefonní budka;D020
1014;Samolepící fototapeta na dveře - bambus;D021
1015;Samolepící fototapeta na dveře - cihlová zeď;D022
1016;Samolepící fototapeta na dveře - kamenná zeď;D023
1017;Samolepící fototapeta na dveře - dřevo;D024
1018;Samolepící fototapeta na dveře - pivo;D025
1019;Samolepící fototapeta na dveře - fotbal;D026
1020;Samolepící fototapeta na dveře - beruška;D027
1021;Samolepící fototapeta na dveře - kotě;D028
1022;Samolepící fototapeta na dveře - labrador;D029
1023;Samolepící fototapeta na dveře - ovce;D030
1024;Samolepící fototapeta na dveře - piráti;D031
1025;Samolepící fototapeta na dveře - zvířátka;D032
1026;Samolepící fototapeta na dveře - veterán;D033
1027;Samolepící fototapeta na dveře - dívka;D034
1028;Samolepící fototapeta na dveře - červená abstrakce;D035
1029;Samolepící fototapeta na dveře - abstrakce;D036
1030;Fototapeta kuchyňská - čokoláda;KI_180_021
1031;Fototapeta kuchyňská - ovoce;KI_180_022
1032;Fototapeta kuchyňská - ovoce a led;KI_180_023
1033;Fototapeta kuchyňská - čajová;KI_180_024
1034;Fototapeta kuchyňská - jahody;KI_180_025
1035;Fototapeta kuchyňská - orchidej;KI_180_026
1036;Fototapeta kuchyňská - listy;KI_180_027
1037;Fototapeta kuchyňská - vlčí máky;KI_180_028
1038;Fototapeta kuchyňská - levandulové pole;KI_180_029
1039;Fototapeta kuchyňská - slunečnice;KI_180_030
1040;Fototapeta kuchyňská - dřevo;KI_180_031
1041;Fototapeta kuchyňská - zen kameny;KI_180_032_zen_stones
1042;Vliesová fototapeta dvoudílná - abstrakce;F005914F200254WPF
1043;Fototapeta kuchyňská - hory;KI_180_033_mountains
1044;Fototapeta kuchyňská - les;KI_180_034_relax_in_forest
1045;Fototapeta kuchyňská - pláž;KI_180_035_jetty
1046;Fototapeta kuchyňská - město;KI_180_036_futuristic_city
1047;Fototapeta kuchyňská - oranžová abstrakce;KI_180_037_orange_abstract
1048;Fototapeta kuchyňská - fotbalový míč;KI_180_038_soccer_ball
1049;Fototapeta kuchyňská - letadlo;KI_180_039_airplane
1050;Fototapeta kuchyňská - ulice;KI_180_040_times_square
1051;Samolepící fototapeta na podlahu-kameny, zen;FL_85_013_zen_stones
1052;Samolepící fototapeta na podlahu-květina;FL_85_014_mosaic
1053;Samolepící fototapeta na podlahu-orchidej;FL_85_015_orchid
1054;Samolepící fototapeta na podlahu-květiny;FL_85_016_plumeria
1055;Samolepící fototapeta na podlahu-jahody;FL_85_017_strawberry
1056;Samolepící fototapeta na podlahu-most;FL_85_018_footbridge
1057;Samolepící fototapeta na podlahu-dřevo;FL_85_019_timber_logs
1058;Samolepící fototapeta na podlahu-bambus;FL_85_020_bamboo
1059;Samolepící fototapeta na podlahu-tučňák;FL_85_021_penguin
1060;Samolepící fototapeta na podlahu-auto;FL_85_022_veteran_car
1061;Samolepící fototapeta na podlahu-kytary;FL_85_023_guitars
1062;Samolepící fototapeta na podlahu-dětské;FL_85_024_hopscotch
1063;Vliesová fototapeta dvoudílná - abstrakt strom;F005913F200107WPL
1064;Vliesová fototapeta dvoudílná - abstrakce;F005908F200107WPL
1065;Vliesová fototapeta dvoudílná - abstrakce;F005904F200107WPL
1066;Samolepící fototapeta na lednici čokoláda;FR_120_019_chocolate
1067;Samolepící fototapeta na lednici ovoce;FR_120_020_fruit_mix
1068;Samolepící fototapeta na lednici čajová;FR_120_021_tea
1069;Samolepící fototapeta na lednici jahody;FR_120_022_strawberry
1070;Samolepící fototapeta na lednici kostky ledu;FR_120_023_ice_cubes
1071;Samolepící fototapeta na lednici orchidej;FR_120_024_orchid
1072;Samolepící fototapeta na lednici podzimní listí;FR_120_025_colourful_leaves
1073;Samolepící fototapeta na lednici bílé tulipány;FR_120_026_white_tulips
1074;Samolepící fototapeta na lednici západ slunce;FR_120_027_reed
1075;Samolepící fototapeta na lednici les;FR_120_028_forest
1076;Samolepící fototapeta na lednici zahrada;FR_120_029_garden
1077;Samolepící fototapeta na lednici obilí;FR_120_030_wheat_field
1078;Samolepící fototapeta na lednici Eiffelova věž;FR_120_031_eiffel
1079;Samolepící fototapeta na lednici Times square;FR_120_032_times_square
1080;Samolepící fototapeta na lednici mořská vlna;FR_120_033_wave
1081;Samolepící fototapeta na lednici sexy žena;FR_120_034_sexy_woman
1082;Samolepící fototapeta na lednici kytary;FR_120_035_guitar
1083;Samolepící fototapeta na lednici abstrakce;FR_120_036_binary_stream
1084;Samolepící fototapeta na lednici čokoláda;FR_180_019_chocolate
1085;Samolepící fototapeta na lednici ovoce;FR_180_020_fruit_mix
1086;Samolepící fototapeta na lednici čajová;FR_180_021_tea
1087;Samolepící fototapeta na lednici jahody;FR_180_022_strawberry
1088;Samolepící fototapeta na lednici kostky ledu;FR_180_023_ice_cubes
1089;Samolepící fototapeta na lednici orchidej;FR_180_024_orchid
1090;Samolepící fototapeta na lednici podzimní listí;FR_180_025_colourful_leaves
1091;Samolepící fototapeta na lednici bílé tulipány;FR_180_026_white_tulips
1092;Samolepící fototapeta na lednici západ slunce;FR_180_027_reed
1093;Samolepící fototapeta na lednici les;FR_180_028_forest
1094;Samolepící fototapeta na lednici zahrada;FR_180_029_garden
1095;Samolepící fototapeta na lednici obilí;FR_180_030_wheat_field
1096;Samolepící fototapeta na lednici Eiffelova věž;FR_180_031_eiffel
1097;Samolepící fototapeta na lednici Times square;FR_120_032_times_square
1098;Samolepící fototapeta na lednici mořská vlna;FR_180_033_wave
1099;Samolepící fototapeta na lednici sexy žena;FR_180_034_sexy_woman
1100;Samolepící fototapeta na lednici kytary;FR_180_035_guitar
1101;Samolepící fototapeta na lednici abstrakce;FR_180_036_binary_stream
1102;Vliesová fototapeta osmidílná - orchidej;F005835F400254WPF
1103;Vliesová fototapeta osmidílná - orchidej;F005828F400254WPF
1104;Vliesová fototapeta osmidílná - tulipány;F005826F400254WPF
1105;Vliesová fototapeta osmidílná - orchidej;F005804F400254WPF
1106;Vliesová fototapeta osmidílná - tulipány;F005798F400254WPF
1107;Vliesová fototapeta osmidílná - květy růže;F005791F400254WPF
1108;Vliesová fototapeta osmidílná - tulipány;F005789F400254WPF
1109;Vliesová fototapeta osmidílná - tulipány;F005788F400254WPF
1110;Vliesová fototapeta osmidílná - tulipány;F005785F400254WPF
1111;Vliesová fototapeta osmidílná - tulipány;F005784F400254WPF
1112;Vliesová fototapeta osmidílná - lilie;FF005770F400254WPF
1113;Vliesová fototapeta osmidílná - orchidej;F005768F400254WPF
1114;Vliesová fototapeta osmidílná - orchidej;F005767F400254WPF
1115;Vliesová fototapeta osmidílná - orchidej;F005763F400254WPF
1116;Vliesová fototapeta osmidílná - orchidej;F005759F400254WPF
1117;Vliesová fototapeta osmidílná - orchidej;F005757F400254WPF
1118;Vliesová fototapeta osmidílná - detail květu růže;F004480F400254WPF
1119;Vliesová fototapeta osmidílná - tulipány;F004182F400254WPF
1120;Vliesová fototapeta osmidílná - tulipány;F004181F400254WPF
1121;Vliesová fototapeta osmidílná - feng shui;F004538F400254WPF
1122;Vliesová fototapeta osmidílná - feng shui;F004539F400254WPF
1123;Vliesová fototapeta osmidílná - tulipány;F004175F400254WPF
1124;Vliesová fototapeta osmidílná - tulipány;F004174F400254WPF
1125;Vliesová fototapeta osmidílná - tulipány;F004173F400254WPF
1126;Vliesová fototapeta osmidílná - tulipány;F004172F400254WPF
1127;Fototapeta čtyřdílná - Ariel;4-463
1128;Fototapeta relax;14431591
1129;Fototapeta aloe vera;14463582
1130;Fototapeta Brooklynský most;14883546
1131;Fototapeta Brooklynský most;14883546
1132;Fototapeta ostnatý drát;10964158
1133;Fototapeta Benátky, gondola;8266840
1134;Fototapeta růžové tulipány;11553582
1135;Fototapeta šeřík;22944776
1136;Fototapeta ohnivé auto;11301793
1137;Fototapeta víno;30457146
1138;Fototapeta barevná mozaika;12861956
1139;Fototapeta cafe latte;2427665
1140;Fototapeta pláž;6906464
1141;Fototapeta potok v lese;15363026
1142;Fototapeta Stonehenge;22351200
1143;Fototapeta kvetoucí keře, Itálie;50635038
1144;Fototapeta pyramidy;27765439
1145;Fototapeta vlčí máky;16525466
1146;Fototapeta pobřeží Itálie;15431978
1147;Fototapeta jezero Moraine, Kanada;27019161
1148;Fototapeta pobřeží Marseille;28863354
1149;Fototapeta Pražský hrad, Praha;698302
1150;Fototapeta dřevěné molo;25170108
1151;Fototapeta kvetoucí bonsaj;33573246
1152;Fototapeta kameny;10326075
1153;Fototapeta kráva;12161213
1154;Fototapeta pláž, mořská hvězdice;21858060
1155;Fototapeta krajina, vlčí máky;7853282
1156;Fototapeta lvíče;682146
1157;Fototapeta podzimní listy;138623
1158;Fototapeta mušle;489827
1159;Fototapeta budova;588997
1160;Fototapeta leknín;653618
1161;Fototapeta moto;683245
1162;Fototapeta letadlo;898753
1163;Fototapeta město;903982
1164;Fototapeta čert;932337
1165;Fototapeta fialová abstrakce;980152
1166;Fototapeta orchidej;1241133
1167;Fototapeta podzimní příroda;1290922
1168;Fototapeta plachetnice;1375692
1169;Fototapeta řeka;1402422
1170;Fototapeta podzim;1452913
1171;Fototapeta hora;1675986
1172;Fototapeta tulipán;1925591
1173;Fototapeta růže;2008228
1174;Fototapeta Francie;2039944
1175;Fototapeta ruce;2056987
1176;Fototapeta maják;2084053
1177;Fototapeta maska;2090432
1178;Fototapeta most;2165133
1179;Fototapeta streetart;2324481
1180;Fototapeta koně;2467066
1181;Fototapeta lesní potok;2491033
1182;Fototapeta stará auta;2509010
1183;Fototapeta auto;2626762
1184;Fototapeta auto černobílé;2626779
1185;Fototapeta abstrakce;2682422
1186;Fototapeta kameny zen;2900573
1187;Fototapeta delfín;2962265
1188;Fototapeta kytka;2991514
1189;Fototapeta Londýn;3018109
1190;Fototapeta zelená abstrakce;3086733
1191;Fototapeta zelená abstrakce;3088559
1192;Fototapeta strom;3120144
1193;Fototapeta tulipány;3394582
1194;Fototapeta dům u moře;3557006
1195;Fototapeta abstrakce;3684919
1196;Fototapeta červená abstrakce;3741763
1197;Fototapeta květina;3753858
1198;Fototapeta golf;3805293
1199;Fototapeta New York;3838740
1200;Fototapeta květ lilie;3953050
1201;Fototapeta abstrakce;4024010
1202;Fototapeta maják;4121136
1203;Fototapeta staré letadlo;4151187
1204;Fototapeta most;4342336
1205;Fototapeta moře;4465444
1206;Fototapeta západ slunce, klasy obilí;4517963
1207;Fototapeta New York;4526785
1208;Fototapeta starý strom;4757840
1209;Fototapeta Monte Carlo;4879946
1210;Fototapeta špíz;4909115
1211;Fototapeta bambus;5056687
1212;Fototapeta kolíčky s beruškami;5068236
1213;Fototapeta vlčí oči;5241057
1214;Fototapeta jablka;5313769
1215;Fototapeta abstrakce;5336827
1216;Fototapeta feng-shui;5482325
1217;Fototapeta konvice s mátou;5535303
1218;Fototapeta světové památky;5706453
1219;Fototapeta les;5748939
1220;Fototapeta gepard;5752327
1221;Fototapeta kameny zen;5788238
1222;Fototapeta tulipány;5902197
1223;Fototapeta polní kytky;5928687
1224;Fototapeta sklenky vína;5976229
1225;Fototapeta Řím;6100575
1226;Fototapeta červené květy;6240568
1227;Fototapeta pole;6287668
1228;Fototapeta auto na pláži;6325595
1229;Fototapeta auto na pláži;6325595
1230;Fototapeta květ orchideje;6339584
1231;Fototapeta domino;6430117
1232;Fototapeta podzimní listí;6504633
1233;Fototapeta kapka rosy;6524872
1234;Fototapeta květy;6579047
1235;Fototapeta plachetnice;6680599
1236;Fototapeta orchidej;6749308
1237;Fototapeta maják;6871053
1238;Fototapeta mušle;7005446
1239;Fototapeta gerbera;7064186
1240;Fototapeta auto;7141463
1241;Fototapeta slunečnice;7160083
1242;Fototapeta balíky sena;7179508
1243;Fototapeta kámen;7220200
1244;Fototapeta ulice;7313323
1245;Fototapeta západ slunce nad vodou;7509903
1246;Fototapeta černobílá abstrakce;7574008
1247;Fototapeta Eiffelova věž;7674232
1248;Fototapeta Grand Canyon;7769191
1249;Fototapeta strom v krajině;7861110
1250;Fototapeta květiny;7866722
1251;Fototapeta palačinka s jahodami;7980387
1252;Fototapeta maska;8078128
1253;Fototapeta lesní cesta;8232027
1254;Fototapeta feng-shui;8266965
1255;Fototapeta feng-shui;8343881
1256;Fototapeta květ na kameni;8562135
1257;Fototapeta zebra;8594597
1258;Fototapeta slunečnice;8672115
1259;Fototapeta tygr s mládětem;8785613
1260;Fototapeta abstrakce;8902413
1261;Fototapeta park;8902614
1262;Fototapeta strom;9016603
1263;Fototapeta welcome to Las Vegas..;9049386
1264;Fototapeta Egypt;9102295
1265;Fototapeta Koloseum;9127566
1266;Fototapeta les;9130682
1267;Fototapeta Země;9570442
1268;Fototapeta Londýn;9632866
1269;Fototapeta tučňáci;9651364
1270;Fototapeta papoušci;9682324
1271;Fototapeta sloni;9699496
1272;Fototapeta tygr;9779753
1273;Fototapeta tygr;9779965
1274;Fototapeta plátky citronu ve vodě;9806238
1275;Fototapeta západ slunce;9856280
1276;Fototapeta kapky rosy;9939656
1277;Fototapeta štěňátka;9958473
1278;Fototapeta les;10017097
1279;Fototapeta poker;10109872
1280;Fototapeta kořeny stromu;10128552
1281;Fototapeta pláž;10197728
1282;Fototapeta zimní krajina;10232237
1283;Fototapeta kapky vody;10361893
1284;Fototapeta samuraj;10544947
1285;Fototapeta ohnivá abstrakce;10647210
1286;Fototapeta květ;10726288
1287;Fototapeta malba;10950650
1288;Fototapeta hrozny vína;10964464
1289;Fototapeta Eiffelova věž;11105750
1290;Fototapeta bílá růže;11152099
1291;Fototapeta hory a jezero;11281080
1292;Fototapeta abstrakce ohnivého auta;11301793
1293;Fototapeta bambus;11536983
1294;Fototapeta bílé tulipány;11553588
1295;Fototapeta list na kameni;11600314
1296;Fototapeta Santorini;11617163
1297;Fototapeta mušle na pláži;11643638
1298;Fototapeta abstrakce;11738254
1299;Fototapeta ohnivý kůň;11746508
1300;Fototapeta vodopády v lese;11750042
1301;Fototapeta hory;11754961
1302;Fototapeta kameny v písku;11785224
1303;Fototapeta květ růže;11865044
1304;Fototapeta káva;11872432
1305;Fototapeta káva;11872515
1306;Fototapeta ovoce a zelenina s očima;11914445
1307;Fototapeta noční Manhattan;11924591
1308;Fototapeta noční Manhattan;11982287
1309;Fototapeta rosa na trávě;12049688
1310;Fototapeta labutě;12112158
1311;Fototapeta kráva;12161213
1312;Fototapeta Afrika při západu slunce;12197040
1313;Fototapeta kameny zen;12234709
1314;Fototapeta kameny zen;12341691
1315;Fototapeta květiny ve slunci;12348665
1316;Fototapeta leknín;12460869
1317;Fototapeta Paříž;12665264
1318;Fototapeta orchidee;12667683
1319;Fototapeta samurajové;12683766
1320;Fototapeta sedmikráska;12750735
1321;Fototapeta hory a pláž;12791054
1322;Fototapeta Eiffelova věž;12799102
1323;Fototapeta strom v krajině;12824329
1324;Fototapeta tulipány;12856836
1325;Fototapeta žena a starý dům;12864727
1326;Fototapeta papírová lodička v kaluži;12953021
1327;Fototapeta záliv;13031669
1328;Fototapeta bílo-černá abstrakce;13034930
1329;Fototapeta fialový květ;13035765
1330;Fototapeta kapka rosy;13037695
1331;Fototapeta rozkvetlé pole;13047845
1332;Fototapeta abstrakce;13286959
1333;Fototapeta molo při západu slunce;13338057
1334;Fototapeta kapka vody;13364625
1335;Fototapeta molo;13378317
1336;Fototapeta tygr;13380875
1337;Fototapeta kopretiny;13584171
1338;Fototapeta kameny a orchidee;13631630
1339;Fototapeta mapa s kávou;13992207
1340;Fototapeta orchidej;13998987
1341;Fototapeta moře;14077352
1342;Fototapeta jeskyně při západu slunce;14081453
1343;Fototapeta pampeliška;14129993
1344;Fototapeta slon;14132001
1345;Fototapeta květ pivoňky;14142356
1346;Fototapeta koruny stromů;14160017
1347;Fototapeta route 66;14224539
1348;Fototapeta měsíc a slunce;14368544
1349;Fototapeta bílé květy;14431112
1350;Fototapeta květ lilie;14431591
1351;Fototapeta opečená žebírka;14506041
1352;Fototapeta feng-shui;14571978
1353;Fototapeta žena;14669589
1354;Fototapeta route 66;14754346
1355;Fototapeta květ orchidee;14760003
1356;Fototapeta rovnováha;14789784
1357;Fototapeta koně v moři;14879653
1358;Fototapeta beruška na kopretině;14889076
1359;Fototapeta západ slunce nad rybníkem;14907140
1360;Fototapeta květy;14907943
1361;Fototapeta orchidee;14941045
1362;Fototapeta barevný oheň;14964377
1363;Fototapeta orosená tráva;15002116
1364;Fototapeta růže;15046063
1365;Fototapeta měsíc;15058099
1366;Fototapeta zelená barva;15076221
1367;Fototapeta květ u kamene;15079554
1368;Fototapeta Karlův most;15170981
1369;Fototapeta lavička u rybníka;15179119
1370;Fototapeta zelenina;15196613
1371;Fototapeta malé vodopády;15204576
1372;Fototapeta sloní rodina;15223089
1373;Fototapeta ruch velkoměsta;15231811
1374;Fototapeta krajina;15265082
1375;Fototapeta kámen a orchidej;15279696
1376;Fototapeta moře při západu slunce;15507041
1377;Fototapeta květy a svíčka;15620991
1378;Fototapeta vlčí máky;15661421
1379;Fototapeta molo;15720737
1380;Fototapeta pečivo;15817711
1381;Fototapeta Karlův most;15818310
1382;Fototapeta bílé orchidee;15837732
1383;Fototapeta bílé orchidee;15872773
1384;Fototapeta květ;15918098
1385;Fototapeta vinice;15932311
1386;Fototapeta modrá orchidej;15948951
1387;Fototapeta skořice;16069222
1388;Fototapeta poloe a hory;16152264
1389;Fototapeta špagety;16290193
1390;Fototapeta vlčí máky;16302872
1391;Fototapeta New York;16364869
1392;Fototapeta kameny zen;16426484
1393;Fototapeta orchidee;16571895
1394;Fototapeta golf;16573670
1395;Fototapeta zátoka a hory;16612421
1396;Fototapeta chilli papričky;16746914
1397;Fototapeta socha;16802641
1398;Fototapeta kameny zen;16809002
1399;Fototapeta kameny zen;16809014
1400;Fototapeta vodopády v lese;16813019
1401;Fototapeta květy;16841573
1402;Fototapeta golf;16911245
1403;Fototapeta tygr;16916235
1404;Fototapeta koala;16918438
1405;Fototapeta kameny zen;16965002
1406;Fototapeta zebra;17028448
1407;Fototapeta kameny ve vodě;17156990
1408;Fototapeta zelená záře;17179813
1409;Fototapeta stará auta;17211869
1410;Fototapeta kameny a květy;17411853
1411;Fototapeta slunečnice;17477297
1412;Fototapeta vlčí máky;17600013
1413;Fototapeta stará lokomotiva;17917100
1414;Fototapeta Eiffelova věž;17925542
1415;Fototapeta strom;17987334
1416;Fototapeta kameny a květ orchidee;18007850
1417;Fototapeta Brooklynský most;18131889
1418;Fototapeta poker;18213077
1419;Fototapeta vodopády;18259137
1420;Fototapeta Manhattan;18341458
1421;Fototapeta tulipány;18362257
1422;Fototapeta kameny a květy;18379519
1423;Fototapeta růže;18403490
1424;Fototapeta kaly;18443923
1425;Fototapeta květ orchidee;18845882
1426;Fototapeta bambus;18901258
1427;Fototapeta moře;19105542
