ID;PRODUCTNAME;CODE
1;Bambusová mísa kulatá;10013
2;Bambusová miska;5454
3;Bambusová miska;90089
4;Bambusová miska atyp RED;10015
5;Bambusová miska atyp Y;10015 OR
6;Bambusová miska bílá malá;10031
7;Bambusová miska bílá střední;10030
8;Bambusová miska bílá velká;10029
9;Bambusová miska dlouhá OR;10053
10;Bambusová miska oranž;10106
11;Bambusová miska přírodní set 2 kusy;5176+5175
12;Bambusová miska set 3 kusy;115528
13;Bambusová miska šestihran;5449
14;Bambusová miska šestihranná;5497
15;Bambusová miska zelená;10004
16;Bambusová podlaha;90
17;Bambusová rohož plotová - štípaná 130x500 cm;5628
18;Bambusová rohož plotová 130x480 cm;5259
19;Bambusová slánka a pepřenka;90090
20;Bambusová stolička;5056
21;Bambusová stolička set 2 ks;5055+5056
22;Bambusová stolička velká;5055
23;Bambusová tyč  průměr 8-10 cm, délka 2 metry;111064
24;Bambusová tyč  průměr 8-10 cm, délka 4 metry;63
25;Bambusová tyč 1,5 - 2 cm, délka 3 m;60
26;Bambusová tyč 3- 4 cm, délka 2 metry;61
27;Bambusová tyč 3- 4 cm, délka 2 metry, bambus black;51
28;Bambusová tyč 3-4 cm, délka 4 metry, bambus black ;52
29;Bambusová tyč 4- 5 cm, délka 2 metry;84
30;Bambusová tyč 4-4,5 cm, délka 2 metry, bambus black ;54
31;Bambusová tyč 5-6 cm, délka 1 metr;x67
32;Bambusová tyč 5-6 cm, délka 2 metry;80
33;Bambusová tyč 5-6 cm, délka 2 metry, bambus black ;56
34;Bambusová tyč 5-6 cm, délka 4 metry;67
35;Bambusová tyč 5-6 cm, délka 4 metry, bambus black ;57
36;Bambusová tyč průměr 3-4 cm, délka 1 metr;x61
37;Bambusová tyč průměr 3-4 cm, délka 4 m;82
38;Bambusová tyč průměr 8-10 cm a délka 2 metry;81
39;Bambusová tyč průměr 8-10 cm a délka 4 metry;83
40;Bambusová váza;10071
41;Bambusová váza;10070
42;Bambusová váza;10069
43;Bambusová váza;10074
44;Bambusová váza;10073
45;Bambusová váza;10072
46;Bambusová váza;10049
47;Bambusová váza;10093
48;Bambusová váza;10096
49;Bambusová váza;10095
50;Bambusová váza;10097
51;Bambusová váza;10098
52;Bambusová váza;10068
53;Bambusová váza;10067
54;Bambusová váza;10056
55;Bambusová váza klasik;10002
56;Bambusová váza oranž mozaika;10092
57;Bambusová váza oranž mozaika;10091
58;Bambusová váza s ratanem OR;10063
59;Bambusová váza válec;10008
60;Bambusová váza zakřivená;10003
61;Bambusové košťátko;5098
62;Bambusové košťátko 30 cm;5099
63;Bambusové lehátko;1035
64;Bambusové lehátko natural;1474
65;Bambusové misky set 3 kusy RED;10078-80
66;Bambusové prostírání natural 4 ks;5520
67;Bambusové prostírání set 4 kusy;10018 set
68;Bambusovo ratanový tácek zelený;5495G
69;Bambusovo ratanový tácek zelený 3+1 ZDARMA ;5495G 3+1
70;Bambusovo ratanový tácek žlutý;5495Y
71;Bambusovo ratanový tácek žlutý 3+1 ZDARMA;5495Y 3+1
72;Bambusový koš natural velikost L;5435
73;Bambusový koš velikost L;5359
74;Bambusový koš velikost M;5360
75;Bambusový koš velikost S;5361
76;Bambusový košík malý;5054
77;Bambusový košík na 1 láhev;5257
78;Bambusový košík na 2 láhve;5111
79;Bambusový košík set 3 ks;5198
80;Bambusový košík střední;5053
81;Bambusový košík tmavý L;5202
82;Bambusový košík tmavý XL;5201
83;Bambusový košík velký;5052
84;Bambusový obal na květináč set 2 ks;5231+32
85;Bambusový obal na květinu set 4 ks;5194
86;Bambusový paravan;1034
87;Bambusový plot 100x300 cm;5702
88;Bambusový plot 130x300 cm;5701
89;Bambusový plot 2x1,8 m, 18-20 mm barvený vínový;5714
90;Bambusový plot 2x1,8 m, 18-20 mm natural;5708
91;Bambusový plot 2x1,8 m, 18-20 mm natural black;5711
92;Bambusový plot 2x1,8 m, 25-30 mm barvený vínový;5715
93;Bambusový plot 2x1,8 m, 25-30 mm natural;5709
94;Bambusový plot 2x1,8 m, 25-30 mm natural black;5712
95;Bambusový plot 2x1,8 m, 26-35 mm barvený vínový;5716
96;Bambusový plot 2x1,8 m, 26-35 mm natural black;5713
97;Bambusový plůtek kalsik;1444
98;Bambusový plůtek špička;1445
99;Bambusový podnos na nápoje;5135
100;Bambusový tác;5461
101;Bambusový tác hnědý;5526
102;Bambusový tác hnědý;5527
103;Bambusový tác OR;10089
104;Bambusový tác oválný;5418
105;Bambusový tác RED;10000
106;Blok na nože bambus;90087
107;Botník otevřený medový;1452
108;Botník Peacock medový;1454
109;Botník s dvířky medový;1453
110;Dětský domek Axin Grande;42283
111;Dětský domek Axin Grande s podlahou;42283 + P
112;Dětský domek Axin I;42281
113;Dětský domek Axin I s podlahou;42281 +P
114;Dětský domek Axin II;42282
115;Dětský domek Axin II  s podlahou;42282 +P
116;Dóza mořská tráva set 3 kusy - zelená;115514
117;Dóza mořská tráva set 5 kusů;115236
118;Džbán antik;42197
119;Houpačka ratanová závěsná brown wash L polstr hnědý list;157878
120;Houpačka ratanová závěsná brown wash L polstr okrový;157871
121;Houpačka ratanová závěsná brown wash L polstr vínový;157875
122;Houpačka ratanová závěsná brown wash XL polstr hnědý list;157858
123;Houpačka ratanová závěsná brown wash XL polstr okrový;157851
124;Houpačka ratanová závěsná brown wash XL polstr vínový;157855
125;Houpačka ratanová závěsná hnědá L polstr hnědý list;156368
126;Houpačka ratanová závěsná hnědá L polstr okrový;156361
127;Houpačka ratanová závěsná hnědá L polstr vínový;156365
128;Houpačka ratanová závěsná hnědá L polstr zelený;156363
129;Houpačka ratanová závěsná hnědá XL polstr hnědý list;156358
130;Houpačka ratanová závěsná hnědá XL polstr okrový;156351
131;Houpačka ratanová závěsná hnědá XL polstr vínový;156355
132;Houpačka ratanová závěsná hnědá XL polstr zelený;156353
133;Houpačka ratanová závěsná medová XL polstr hnědý list;156338
134;Houpačka ratanová závěsná medová XL polstr okrový;156331
135;Houpačka ratanová závěsná medová XL polstr vínový;156335
136;Houpačka ratanová závěsná medová XL polstr zelený;156333
137;Jídelní souprava Banny ;1199+1175
138;Jutová truhla;5279
139;Jutová truhla;5280
140;Jutový tác;5222
141;Kapradinová komoda 3 zásuvky;1097
142;Kapradinová miska - set 4 kusů;5378+5379+5380+5381
143;Kapradinová miska ovál set 5 kusů;5384-88
144;Kapradinový koš L;5118
145;Kapradinový koš M;5119
146;Kapradinový koš XL;5117
147;Kapradinový košík;5223
148;Kapradinový košík malý;5327
149;Kapradinový košík obdélník set 4 kusy;5367+5368+5369+5370
150;Kapradinový košík střední;5326
151;Kapradinový košík velký;5324
152;Kapradinový prádelní koš rohový;5093
153;Keramický obal vzor 1426 - set 3 kusy;41056
154;Keramický obal vzor 1489 - set 3 kusy;41053
155;Keramický obal vzor 1753 - set 3 kusy;41055
156;Keramický obal vzor 1877 - set 3 kusy;41051
157;Keramický obal vzor 1885 - set 3 kusy;41054
158;Keramický obal vzor 1890 - set 3 kusy;41057
159;Keramický obal vzor 1896 - set 3 kusy;41052
160;Keramický obal vzor 5618 - set 3 kusy;41058
161;Klepač na koberce ratan;5006
162;Kočka cong 42 cm;42189
163;Kočka cong 52 cm;42188
164;Kočka india černá;42122
165;Kočka líná 23 cm;42187
166;Kočka líná 27 cm;42186
167;Kočka líná 30 cm;42185
168;Kolekce bambus 1;110118
169;Kolekce bambus 2;110119
170;Kolekce ratanového nábytku AXIN 2;110112
171;Kolekce ratanového nábytku AXIN 8;110122
172;Komoda mořské řasy 2 zásuvky;1142
173;Komoda Sylvana 2 zásuvky ratan kubu;1542
174;Komoda Sylvana 3 zásuvky ratan kubu ;1543
175;Komoda Sylvana 4 zásuvky ratan kubu ;1544
176;Komoda vodní hyacint 2 zásuvky;1114
177;Komoda vodní hyacint 3 zásuvky;1139
178;Komoda vodní hyacint 3 zásuvky - vzhledové vady;1140
179;Koš bambus nízký;70102
180;Koš bambus velký;70101
181;Koš bílý ratan s víkem;5575
182;Koš bílý ratan s víkem;5576
183;Koš dvojuchý zelený velký;445029
184;Koš dvoujuchý zelený malý;445027
185;Koš dvoujuchý zelený střední;445028
186;Koš ke krbu čalouněný;445005
187;Koš ke krbu menší;445047
188;Koš ke krbu velký;445048
189;Koš na dřevo vrbový  A2;445006 A2
190;Koš prádelní kulatý malý;70098
191;Koš prádelní kulatý střední;70097
192;Koš prádelní kulatý velký;70096
193;Koš prádelní ratanový kulatý;5671
194;Koš prádelní ratanový oválný malý;5666
195;Koš prádelní ratanový oválný velký;5665
196;Koš prádelní velký;70092
197;Koš prádelní vrba s víkem kulatý  VELKÝ;70000
198;Koš prádelní vrba s víkem ovál Č;70006
199;Koš s uchy malý M;5723
200;Koš s uchy střední L;5722
201;Koš s uchy velký XL;5721
202;Koš s víkem barevný ;5312
203;Koš s víkem barevný průplet OR;5305
204;Koš s víkem barevný průplet OR;5306
205;Koš s víkem barevný velký;5311
206;Koš s víkem kulatý;50029
207;Koš s víkem mořská tráva;5307
208;Koš s víkem mořská tráva malý;5308
209;Koš s víkem vodní hyacint střední;5589
210;Koš s víkem vodní hyacint zúžený malý;5593
211;Koš s víkem vodní hyacint zúžený střední;5592
212;Koš s víkem vodní hyacint zúžený velký;5591
213;Koš vrba světlý;70069
214;Koš vrba světlý s víkem;70067
215;Koš vrba světlý s víkem;70068
216;Koš vrba ucha kulatý Č;70012
217;Koš vrba ucha kulatý Č;70013
218;Koš vrba ucha kulatý Č;70014
219;Koš vrba zelený dř. ucha;70036
220;Koš vrbový velký modrá látka;70033
221;Koš vypuklý s víkem mořské řasy velký;50031
222;Košík bambusový L;5229
223;Košík bambusový M;5230
224;Košík bambusový XL;5228
225;Košík dělený vodní hyacint;5491
226;Košík kapradina/bambus s uchem XXL;5393
227;Košík kapradina/bambus s uchem XXXL;5392
228;Košík palmový list ryba velikost L;5521
229;Košík průplet vodní hyacint 2 kusy;5550+5551
230;Košík ratanový dělený žlutomodrý;5567
231;Košík ratanový dělený žlutý;5513
232;Košík s uchem modré proutí;5284
233;Košík s uchem modré proutí;5285
234;Košík s uchem modré proutí;5286
235;Košík s uchem ratan mořské řasy;5287
236;Košík trháček zelený;445007
237;Košík vodní hyacint;5545
238;Košík vodní hyacint ;5545+46
239;Košík vodní hyacint set 2 ks;115535
240;Křeslo Betawi;120164
241;Křeslo Centre ratan Kooboo;120116
242;Křeslo Centre ratan Kooboo grey;120118
243;Křeslo Lindsey ratan Kubu white wash;1505
244;Křeslo Oliver;1178
245;Křeslo Oliver polstr Ebony;1178 Ebony
246;Křeslo Penang banánový list OR;120050
247;Křeslo Penang banánový list Y;120051
248;Křeslo Roma ratan Kooboo grey polstr šedomodrý;1496 modrý
249;Křeslo Round banánový list;156280
250;Křeslo Round banánový list polstr ovál;156281
251;Křeslo Wanuta  hnědé polstr bílý;120041+30382
252;Křeslo Wanuta  hnědé polstr INDO;120041
253;Křeslo Wanuta  hnědé polstr modrý;120041+30381
254;Křeslo Wanuta  hnědé polstr okrový;120041+30048
255;Křeslo Wanuta  hnědé polstr vínový;120041+30047
256;Křeslo Wanuta brown wash polstr bílý;120111+30382
257;Křeslo Wanuta brown wash polstr červený;120111+30049
258;Křeslo Wanuta brown wash polstr modrý;120111+30381
259;Křeslo Wanuta brown wash polstr okrový;120111+30048
260;Křeslo Wanuta brown wash polstr vínový;120111+30047
261;Křeslo Wanuta hnědé polstr červený;120041 + 30049
262;Kůň stojící  120 cm;42168
263;Kůň stojící  80 cm;42179
264;Kůň stojící textura bílý;42120-bila
265;Kůň stojící textura černý;42120-cern
266;Květník vodní hyacint ;5595
267;Květník vodní hyacint;5594
268;Květník vodní hyacint kulatý set 4 ks;5606-5609
269;Květník vodní hyacint kulatý vzhledové vady;5489
270;Květník vodní hyacint set 2 kusy;5594 set
271;Květník vodní hyacint světlý;5615
272;Květník vodní hyacint tmavý malý;5614
273;Květník vodní hyacint tmavý střední;5613
274;Květník vodní hyacint tmavý velký;5612
275;Květník vodní hyacint velký ze setu;5487
276;Květník vrba  set 3 kusy ;70076+77+78
277;Květník vrba kulatý set 3 kusy;70073+74+75
278;Květník vrba tmavý kulatý nejmenší ze setu;70075
279;Květník vrba tmavý kulatý největší ze setu ;70073
280;Květník vrba tmavý kulatý střední ze setu;70074
281;Lampa bambusová 100 cm;1528
282;Lampa bambusová 100 cm včetně LED žárovky;1528 + 30430
283;Lampa bambusová malá oválná;1513
284;Lampa bambusová malá oválná včetně LED žárovky;1513 + 30340
285;Lampa bambusová malá rovná;1511
286;Lampa bambusová malá rovná včetně LED žárovky;1511 +30430
287;Lampa bambusová malá X;1512
288;Lampa bambusová malá X včetně LED žárovky;1512 + 30430
289;Lampa bambusová střední;1510
290;Lampa bambusová střední tvar S;1516
291;Lampa bambusová střední tvar S včetně LED žárovky;1516 + 30430
292;Lampa bambusová střední včetně LED žárovky;1510 + 30430
293;Lampa bambusová vysoká ;1509
294;Lampa bambusová vysoká  včetně LED žárovek;1509 + 2x 30430
295;Lampa bambusová vysoká tvar S;1515
296;Lampa bambusová vysoká tvar S včetně LED žárovek;1515 + 2x 30430
297;Lampa ratanová  Alibaba;1529
298;Lampa ratanová Alibaba včetně LED žárovky ;1529 + 30430
299;Lampa ratanová malá ;1517
300;Lampa ratanová malá S;1533
301;Lampa ratanová malá S včetně LED žárovky;1533 + 30430
302;Lampa ratanová malá včetně LED žárovky;1517 + 30430
303;Lampa ratanová střední;1527
304;Lampa ratanová střední včetně LED žárovky;1527 + 30430
305;Lampa ratanová vysoká;1508
306;Lampa ratanová vysoká;1531
307;Lampa ratanová vysoká jehlan;1530
308;Lampa ratanová vysoká jehlan včetně LED žárovky;1530 + 30430
309;Lampa ratanová vysoká tvar S;1514
310;Lampa ratanová vysoká tvar S včetně LED žárovek;1514 + 2x 30430
311;Lampa ratanová vysoká včetně LED žárovek;1508 + 2x 30430
312;Lampa ratanová vysoká včetně LED žárovek;1531+2x30430
313;Lavice Bahama hnědá polstr bílý;153037
314;Látka bílá, metráž;30307
315;Látka hnědý list, metráž;30308
316;Látka okrová kostka metráž;30301
317;Látka vínová, metráž;30305
318;Látka vínový motiv, metráž;30317
319;Maska hantu;42101
320;Maska lidah;42104
321;Maska tanduk;42102
322;Maska triag nose;42107
323;Miska mořská tráva;5501
324;Miska palmový list barevná;5537
325;Miska palmový list čtverec;5539
326;Miska palmový list obdélník;5542
327;Nádoba na zálivku keramika + bambus;90094
328;Novinový stojánek ;1260
329;Nůž filetovací bambus;90098
330;Nůž kuchyňský bambus ;90099
331;Nůž na chléb bambus;90097
332;Nůž universální bambus;90096
333;Obraz Sahara 107x57 světlý rám O11;31094
334;Obraz Sahara 107x57 světlý rám O12;31094 2
335;Obraz Sahara 107x57 světlý rám O13;31094 3
336;Obraz Sahara 107x57 tmavý rám O14;31094 4
337;Obraz Sahara 107x57 tmavý rám O15;31094 5
338;Obraz Sahara 40x40 světlý rám O1;31080
339;Obraz Sahara 44x44 tmavý rám O2;31080 1
340;Obraz Sahara 45x45 tmavý rám O8;31080 2
341;Obraz Sahara 56x30 tmavý rám O3;31082
342;Obraz Sahara 56x56 světlý rám O5;31203
343;Obraz Sahara 76x76 světlý rám O10;31402
344;Obraz Sahara 77x40 světlý rám O4;31002
345;Obraz Sahara 77x40 světlý rám O6;31002 1
346;Obraz Sahara 77x40 tmavý rám O7;31002 3
347;Odpočinková pohovka banánový list;543 OR
348;Odpočinková pohovka banánový list;547
349;Odpočinková pohovka Lazy banánový list polstr hnědý;554
350;Odpočinková pohovka pravá  banánový list polstr hnědý;1385 B
351;Odpočinková pohovka pravá  banánový list polstr oranžový;1385 OR
352;Papoušek L;42176
353;Papoušek M;42177
354;Papoušek S;42178
355;Paravan provázkový barva mahagon;1276
356;Paravan provázkový barva oranžová;1280
357;Paravan provázkový barva světle hnědá;1277
358;Paravan provázkový barva zelená;1279
359;Pelech proutěný;5290
360;Pelech proutěný;5291
361;Pelech proutěný;5292
362;Pelech proutěný;5293
363;Pelech proutěný;5294
364;Pelech proutěný;5295
365;Pelech proutěný;5296
366;Pelech proutěný;5297
367;Pelech proutěný;5298
368;Pelech vrbový stříška;70065
369;Pelech vrbový vlnka;70060
370;Pelech vrbový vlnka;70059
371;Pelech vrbový výřez;70056
372;Pelech vrbový výřez;70055
373;Pelech vrbový výřez;70054
374;Pelech vrbový výřez;70053
375;Pelech vrbový výřez;70052
376;Pelikán;42119
377;Pelikán L;42173
378;Pes střední;42127
379;Pes velký;42126
380;Pivní set AXIN barva hnědá;17
381;Pivní set AXIN barva hnědá 5+1 ZDARMA;17 5+1
382;Pivní set AXIN barva mahagon;16
383;Pivní set AXIN barva mahagon 5+1 ZDARMA;16 5+1
384;Pivní set AXIN barva teak;15
385;Pivní set AXIN barva teak 5+1 ZDARMA;15 5+1
386;Pivní set AXIN s opěrkamibarva teak ;18
387;Podnos hranatý s ušima malý;445008
388;Podnos hranatý s ušima střední;445009
389;Podnos oblouk malý;445013
390;Podnos oblouk stření;445012
391;Podnos oblouk velký;445011
392;Podnos oválný s uchem menší;445017
393;Podnos oválný zvýšený střední;445015
394;Pohovka Barbara ratan kubu;1499
395;Pohovka Corner banánový list;544
396;Pohovka Oliver + stolek;1265+1189
397;Pohovka Oliver brown wash;1265
398;Pohovka Princes banánový list;560
399;Pohovka Spada XL banánový list;545 1
400;Polstr na houpací křeslo bílý;30287
401;Polstr na houpací křeslo hnědý list;30288
402;Polstr na houpací křeslo modrý;30284
403;Polstr na houpací křeslo okrový;30281
404;Polstr na houpací křeslo vínový;30285
405;Polstr na houpací křeslo vínový motiv;30234
406;Polstr na křeslo bahama bílý;30164
407;Polstr na křeslo Bahama bílý Maxi;30228
408;Polstr na křeslo Bahama hnědý list;30140
409;Polstr na křeslo bahama levandule;30411
410;Polstr na křeslo Bahama modrý CZ;30040
411;Polstr na křeslo Bahama modrý maxi CZ;30045
412;Polstr na křeslo Bahama okrový CZ;30034
413;Polstr na křeslo Bahama okrový maxi CZ;30042
414;Polstr na křeslo Bahama vínový;30020
415;Polstr na křeslo Bahama vínový kepr maxi CZ;30026
416;Polstr na křeslo Bahama vínový kepr maxi CZ - kopie;30415
417;Polstr na křeslo Bahama vínový motiv;30182
418;Polstr na křeslo Bahama zelená kostka;30184
419;Polstr na křeslo Bahama žlutý motiv;30180
420;Polstr na křeslo Havai bílý;30197
421;Polstr na křeslo Havai hnědý list;30198
422;Polstr na křeslo Havai okrový;30192
423;Polstr na křeslo Havai vínový;30196
424;Polstr na křeslo papasan 100 cm bílý;30060
425;Polstr na křeslo papasan 100 cm hnědý list;30061
426;Polstr na křeslo papasan 100 cm okrová kostka;30056
427;Polstr na křeslo papasan 100 cm pískový;30243
428;Polstr na křeslo papasan 100 cm vínový kepr;30055
429;Polstr na křeslo papasan 100 cm vínový motiv;30236
430;Polstr na křeslo papasan 100 cm zelená kostka;30242
431;Polstr na křeslo papasan 100 cm zelený;30058
432;Polstr na křeslo papasan 110 cm bílý;30060 1
433;Polstr na křeslo papasan 110 cm hnědý list CZ;30061 1
434;Polstr na křeslo papasan 110 cm okrový CZ;30056 1
435;Polstr na křeslo papasan 110 cm pískový;30243 1
436;Polstr na křeslo papasan 110 cm vínový kepr CZ;30055 1
437;Polstr na křeslo papasan 110 cm vínový motiv;30236 1
438;Polstr na křeslo papasan 110 cm zelená kostka;30242 1
439;Polstr na křeslo papasan 110 cm zelený;30058 1
440;Polstr na křeslo papasan double bílý;30173
441;Polstr na křeslo papasan double modrý;30172
442;Polstr na křeslo papasan double okrový;30169
443;Polstr na křeslo papasan double vínový;30033
444;Polstr na křeslo papasan průměr 100 cm barevná mozaika;110050-moza
445;Polstr na křeslo papasan průměr 100 cm květiny;110050-kvet
446;Polstr na křeslo papasan průměr 100 cm modré kopretiny;110050-modr
447;Polstr na křeslo papasan průměr 100 cm žluté kopretiny;110050-zlut
448;Polstr na křeslo Swivel bílý;30277
449;Polstr na křeslo Swivel hnědý list;30278
450;Polstr na křeslo Swivel okrový;30201
451;Polstr na křeslo Swivel vínový;30275
452;Polstr na lavici Bahama bílý;30165
453;Polstr na lavici Bahama bílý Maxi;30229
454;Polstr na lavici Bahama bubliny;30240
455;Polstr na lavici Bahama červený MAXI;30168
456;Polstr na lavici Bahama hnědý list;30141
457;Polstr na lavici Bahama levandule;30412
458;Polstr na lavici Bahama levandule Maxi;30416
459;Polstr na lavici Bahama okrový;30035
460;Polstr na lavici Bahama okrový MAXI;30162
461;Polstr na lavici Bahama vínový;30028
462;Polstr na lavici Bahama vínový MAX;30027
463;Polstr na lavici Bahama vínový motiv;30183
464;Polstr na ratanovou taburetku bílý;30050
465;Polstr na ratanovou taburetku bubliny;30231
466;Polstr na ratanovou taburetku červený;30160
467;Polstr na ratanovou taburetku hnědý list;30158
468;Polstr na ratanovou taburetku modrý;30159
469;Polstr na ratanovou taburetku okrový;30051
470;Polstr na ratanovou taburetku vínový;30190
471;Polstr na ratanovou taburetku vínový motiv;30187
472;Polstr na ratanovou taburetku zelená kostka;30189
473;Polstr na ratanovou taburetku zelený;30161
474;Polstry na soupravu Bahama komplet kepr vínový;30020+30028
475;Polstry na soupravu Bahama komplet levadule;30411+30412
476;Polstry na soupravu Bahama komplet okrový CZ;30034+30035
477;Polstry na soupravu Bahama velká bílé MAXI;30228+30229
478;Polstry na soupravu Bahama velká hnědý list;30140+30141
479;Polstry na soupravu Bahama velká komplet bílé;30164+30165
480;Polstry na soupravu Bahama velká komplet vínový motiv;30182+30183
481;Polstry na soupravu Bahama velká komplet žlutý motiv;30180+30181
482;Polstry na soupravu Bahama velká levandule MAXI ;30415+30416
483;Polstry na soupravu Bahama velká okrové MAXI;30042+30162
484;Polstry na soupravu Bahama velká vínové MAXI;30026+30027
485;Polštářek červený;30332
486;Polštářek hnědý list;30338
487;Polštářek modrý;30334
488;Polštářek zelený;30333
489;Pořadač na časopisy bambus;5032
490;Pořadač na časopisy vodní hyacint;5492
491;Pořadač na časopisy vodní hyacint 6 kusů;5492 set6
492;Prádelní koš bílý ratan ovál;5572
493;Prádelní koš bílý ratan ovál;5573
494;Prádelní koš bílý ratan ovál;5574
495;Prádelní koš kulatý;5095
496;Prádelní koš mořská tráva;445034
497;Prádelní koš oválný;5087
498;Prádelní koš oválný;5088
499;Prádelní koš oválný;5089
500;Prádelní koš půlkulatý;5108
501;Prádelní koš rohový ;5091
502;Prádelní koš s víkem OR L;5619
503;Prádelní koš s víkem OR M;5620
504;Prádelní koš s víkem OR XL;5618
505;Proutěná miska kulatá zelená;5411 G
506;Proutěná miska ovál set 3 kusy - kopie;5013
507;Ratanová jídelní souprava;1078
508;Ratanová jídelní souprava AXIN  wicker mix;110154
509;Ratanová jídelní souprava Bali hnědá;1479
510;Ratanová jídelní souprava ILLINOIS;1413
511;Ratanová jídelní souprava Roma 4+1 ratan kubu polstry šedomodré;158791 M
512;Ratanová komoda 2 zásuvky hnědá;1270
513;Ratanová komoda 2 zásuvky koňak;1273
514;Ratanová komoda 2 zásuvky ratan kubu;1432
515;Ratanová komoda 3 zásuvky brown wash;1288
516;Ratanová komoda 3 zásuvky hnědá ratan;1271
517;Ratanová komoda 3 zásuvky koňak;1274
518;Ratanová komoda 3 zásuvky ratan;1160
519;Ratanová komoda 3 zásuvky ratan kubu;1433
520;Ratanová komoda 3+2 zásuvky brown wash;1372
521;Ratanová komoda 3+2 zásuvky hnědá;1331
522;Ratanová komoda 3+2 zásuvky koňak;1332
523;Ratanová komoda 3+2 zásuvky medová;1330
524;Ratanová komoda 3+2 zásuvky ratan kubu;1429
525;Ratanová komoda 4 zásuvky brown wash;1289
526;Ratanová komoda 4 zásuvky hnědá ratan;1272
527;Ratanová komoda 4 zásuvky koňak;1275
528;Ratanová komoda 4 zásuvky ratan  medová;1161
529;Ratanová komoda 4 zásuvky ratan kubu;1434
530;Ratanová komoda 4+2 zásuvky brown wash;1373
531;Ratanová komoda 4+2 zásuvky hnědá;1334
532;Ratanová komoda 4+2 zásuvky koňak;1335
533;Ratanová komoda 4+2 zásuvky medová;1333
534;Ratanová komoda 4+2 zásuvky ratan kubu;1430
535;Ratanová komoda 6 zásuvek brown wash;1290
536;Ratanová komoda 6 zásuvek hnědá;1238
537;Ratanová komoda 6 zásuvek medová;1126
538;Ratanová komoda 6 zásuvek ratan cognac;1239
539;Ratanová komoda 6 zásuvek ratan kubu;1431
540;Ratanová komoda prádelní Silvana;1155
541;Ratanová komoda Rina světlá;1153
542;Ratanová komoda wicker mix 2 zásuvky;1248
543;Ratanová lavice Bahama hnědá bílý polstr MAXI;153057
544;Ratanová lavice Bahama hnědá polstr hnědý list;153038
545;Ratanová lavice Bahama hnědá polstr MAXI vínový;153055
546;Ratanová lavice Bahama hnědá polstr okrový;153031
547;Ratanová lavice Bahama hnědá polstr okrový MAXI;153051
548;Ratanová lavice Bahama hnědá polstr vínový;153035
549;Ratanová lavice Bahama koňak polstr bílý;153067
550;Ratanová lavice Bahama koňak polstr hnědý list;153068
551;Ratanová lavice Bahama koňak polstr modrý list;153069
552;Ratanová lavice Bahama koňak polstr okrový;153061
553;Ratanová lavice Bahama koňak polstr okrový MAXI;153081
554;Ratanová lavice Bahama koňak polstr vínový;153065
555;Ratanová lavice Bahama koňak polstr vínový MAXI;153085
556;Ratanová lavice Bahama medová polstr bílý;153007
557;Ratanová lavice Bahama medová polstr bílý MAXI;153027
558;Ratanová lavice Bahama medová polstr hnědý list;153008
559;Ratanová lavice Bahama medová polstr hnědý list MAXI;153026
560;Ratanová lavice Bahama medová polstr modrý;153004
561;Ratanová lavice Bahama medová polstr okrový;153001
562;Ratanová lavice Bahama medová polstr okrový MAXI;153021
563;Ratanová lavice Bahama medová polstr vínový;153005
564;Ratanová lavice Bahama medová polstr vínový MAXI;153025
565;Ratanová lavice Bahama medová polstr vínový motiv;153017
566;Ratanová lavice s úložným prostorem brown wash;1423 + 30218
567;Ratanová lavice s úložným prostorem medová;1341 + 30218
568;Ratanová lavice s úložným prostorem wicker mix;1424 + 30218
569;Ratanová miska malá;5444
570;Ratanová miska střední;5443
571;Ratanová miska velká;5441
572;Ratanová odpočinková pohovka hnědá levá polstr hnědý;1494 B
573;Ratanová odpočinková pohovka hnědá levá polstr hnědý;1494 OR
574;Ratanová odpočinková pohovka hnědá levá polstr žlutý;1494 Y
575;Ratanová odpočinková pohovka hnědá pravá polstr hnědý;1384 B
576;Ratanová odpočinková pohovka hnědá pravá polstr oranžový;1384 OR
577;Ratanová odpočinková pohovka hnědá pravá polstr žlutý;1384 Y
578;Ratanová odpočinková pohovka koňak levá polstr hnědý;1493 B
579;Ratanová odpočinková pohovka koňak levá polstr oranžový;1493 OR
580;Ratanová odpočinková pohovka koňak levá polstr žlutý;1493 Y
581;Ratanová odpočinková pohovka koňak pravá  polstr oranžový;1383 OR
582;Ratanová odpočinková pohovka koňak pravá polstr hnědý;1383 B
583;Ratanová odpočinková pohovka koňak pravá polstr žlutý;1383 Y
584;Ratanová odpočinková pohovka medová pravá polstr hnědý;1336 B
585;Ratanová odpočinková pohovka medová pravá polstr oranžový;1336 OR
586;Ratanová pohovka Kina;120077
587;Ratanová pohovka/postel Kayak;1338
588;Ratanová police 4 patra vysoká;1177
589;Ratanová police rohová 4 patra ;1009
590;Ratanová police rohová 4 patra vzhledové vady;1009 VV
591;Ratanová police rohová 6 pater;1029
592;Ratanová police s věšákem hnědá 6847;1167
593;Ratanová sadací souprava Bahama velká polstr vínový;150455
594;Ratanová seadcí souprava Fabion med oválný stolek;151626
595;Ratanová sedací Oliver picolo;157616
596;Ratanová sedací souprava Bahama  polstry pískové;150315
597;Ratanová sedací souprava Bahama 1+1 brown wash polstr bílý;150277
598;Ratanová sedací souprava Bahama 1+1 brown wash polstr hnědý list;150278
599;Ratanová sedací souprava Bahama 1+1 brown wash polstr okrový;150271
600;Ratanová sedací souprava Bahama 1+1 brown wash polstr okrový MAXI;150291
601;Ratanová sedací souprava Bahama 1+1 brown wash polstr vínový;150275
602;Ratanová sedací souprava Bahama 1+1 brown wash polstr vínový MAXI;150295
603;Ratanová sedací souprava Bahama 1+1 medová, polstr bílý;150157
604;Ratanová sedací souprava Bahama 1+1 medová, polstr červený;150152
605;Ratanová sedací souprava Bahama 1+1 medová, polstr hnědý list;150158
606;Ratanová sedací souprava Bahama 1+1 medová, polstr modrý;150154
607;Ratanová sedací souprava Bahama 1+1 medová, polstr modrý MAXI  ;150174
608;Ratanová sedací souprava Bahama 1+1 medová, polstr okrový;150151
609;Ratanová sedací souprava Bahama 1+1 medová, polstr okrový MAXI;150171
610;Ratanová sedací souprava Bahama 1+1 medová, polstr vínový;150155
611;Ratanová sedací souprava Bahama 1+1 medová, polstr vínový MAXI;150175
612;Ratanová sedací souprava Bahama 2+1 brown wash polsr bílý;150427
613;Ratanová sedací souprava Bahama 2+1 brown wash polsr hnědý list;150428
614;Ratanová sedací souprava Bahama 2+1 brown wash polsr levandule;150434
615;Ratanová sedací souprava Bahama 2+1 brown wash polsr levandule MAXI ;158834
616;Ratanová sedací souprava Bahama 2+1 brown wash polsr vínový;150425
617;Ratanová sedací souprava Bahama 4+1 medová, polstr MAXI vínový;150905
618;Ratanová sedací souprava Bahama 4+1 medová, polstr modrý;150884
619;Ratanová sedací souprava Bahama 4+1 medová, polstr okrový;150881
620;Ratanová sedací souprava Bahama 4+1 medová, polstr vínový;150885
621;Ratanová sedací souprava Bahama 4+1 medová, polstry bílé;150887
622;Ratanová sedací souprava Bahama 4+1 medová, polstry hnědý list;150888
623;Ratanová sedací souprava Bahama hnědá 2+1 polstry hnědý list MAXI;150358
624;Ratanová sedací souprava Bahama hnědá 2+1 polstry vínový motiv;150347
625;Ratanová sedací souprava Bahama hnědá 2+1 polstry žlutý motiv;150348
626;Ratanová sedací souprava Bahama hnědá 2+1, bílý polstr;150337
627;Ratanová sedací souprava Bahama hnědá 2+1, modrý polstr;150334
628;Ratanová sedací souprava Bahama hnědá 2+1, okrový polstr;150331
629;Ratanová sedací souprava Bahama hnědá 2+1, polstr hnědý list;150338
630;Ratanová sedací souprava Bahama hnědá 2+1, polstr MAXI bílý;150357
631;Ratanová sedací souprava Bahama hnědá 2+1, polstr MAXI okrový;150351
632;Ratanová sedací souprava Bahama hnědá 2+1, polstr MAXI vínový;150355
633;Ratanová sedací souprava Bahama hnědá 2+1, polstr pískový;150345
634;Ratanová sedací souprava Bahama hnědá 2+1, vínový polstr;150335
635;Ratanová sedací souprava Bahama malá bílá;150307
636;Ratanová sedací souprava Bahama malá hnědý list;150308
637;Ratanová sedací souprava bahama malá polstr MAXI bílý;150327
638;Ratanová sedací souprava bahama malá polstr MAXI okrový;150321
639;Ratanová sedací souprava bahama malá polstr MAXI vínový kepr;150325
640;Ratanová sedací souprava Bahama malá vínové polstry;150305
641;Ratanová sedací souprava Bahama medová malá polstry vínový motiv;150317
642;Ratanová sedací souprava Bahama modré polstry;150304
643;Ratanová sedací souprava Bahama okrové polstry;150301
644;Ratanová sedací souprava Bahama polstry PEGI;160190
645;Ratanová sedací souprava Bahama veká hnědá, polstr pískový;150495
646;Ratanová sedací souprava Bahama veká hnědá, polstr vínový;150485
647;Ratanová sedací souprava Bahama velká Brown wash, polstr pískový;150555
648;Ratanová sedací souprava Bahama velká Brown wash, polstr vínový motiv;150557
649;Ratanová sedací souprava Bahama velká Brown wash, polstr žlutý motiv;150558
650;Ratanová sedací souprava Bahama velká BW, polstr bílý;150547
651;Ratanová sedací souprava Bahama velká BW, polstr hnědý list;150548
652;Ratanová sedací souprava Bahama velká BW, polstr hnědý list MAXI;150568
653;Ratanová sedací souprava Bahama velká BW, polstr levandule;150554
654;Ratanová sedací souprava Bahama velká BW, polstr levandule MAXI;158854
655;Ratanová sedací souprava Bahama velká BW, polstr okrový;150541
656;Ratanová sedací souprava Bahama velká BW, polstr okrový MAXI;150561
657;Ratanová sedací souprava Bahama velká BW, polstr vínový;150545
658;Ratanová sedací souprava Bahama velká BW, polstr vínový MAXI;150565
659;Ratanová sedací souprava Bahama velká hnědá, polstr bílý;150487
660;Ratanová sedací souprava Bahama velká hnědá, polstr hnědý list;150488
661;Ratanová sedací souprava Bahama velká hnědá, polstr hnědý list MAXI;150508
662;Ratanová sedací souprava Bahama velká hnědá, polstr MAXI bílý;150507
663;Ratanová sedací souprava Bahama velká hnědá, polstr MAXI vínový;150505
664;Ratanová sedací souprava Bahama velká hnědá, polstr okrový;150481
665;Ratanová sedací souprava Bahama velká hnědá, polstr vínový motiv;150497
666;Ratanová sedací souprava Bahama velká hnědá, polstr žlutý motiv;150498
667;Ratanová sedací souprava Bahama velká polstr bílý MAXI;150477
668;Ratanová sedací souprava Bahama velká polstr hnědý list;150458
669;Ratanová sedací souprava Bahama velká polstr okrový;150451
670;Ratanová sedací souprava Bahama velká polstr okrový MAXI;150471
671;Ratanová sedací souprava Bahama velká polstr vínový MAXI;150475
672;Ratanová sedací souprava Bahama velká polstr žlutý motiv;150468
673;Ratanová sedací souprava Bahama velká polstry bílé;150457
674;Ratanová sedací souprava Bahama velká, polstry hnědý list MAXI;150478
675;Ratanová sedací souprava Bahama velká, polstry modré;150454
676;Ratanová sedací souprava Bahama velká, polstry pískové;150465
677;Ratanová sedací souprava Bahama velká, polstry vínový motiv;150467
678;Ratanová sedací souprava Baverly ratan kubu;585
679;Ratanová sedací souprava Borneo polstry béžové;569 béž
680;Ratanová sedací souprava Borneo polstry hnědé;569
681;Ratanová sedací souprava Butterfly polstry hnědé;570
682;Ratanová sedací souprava Carlot;156191
683;Ratanová sedací souprava Cuba ratan kubu;574
684;Ratanová sedací souprava Dion medová;160172
685;Ratanová sedací souprava Ebony barva koňak;152157
686;Ratanová sedací souprava Ebony bílá ;157647
687;Ratanová sedací souprava Ebony bílá s taburetkou;157646
688;Ratanová sedací souprava Ebony brown wash;158810
689;Ratanová sedací souprava Ebony brown wash oválný stolek;158811
690;Ratanová sedací souprava Ebony hnědá ;158812
691;Ratanová sedací souprava Ebony hnědá  oválný stolek;158813
692;Ratanová sedací souprava Ebony Maxi medová;152091
693;Ratanová sedací souprava Ebony wicker mix ;158816
694;Ratanová sedací souprava Fabion brown wash;157927
695;Ratanová sedací souprava Fabion brown wash velká;157937
696;Ratanová sedací souprava Fabion hnědá;151630
697;Ratanová sedací souprava Fabion hnědá bílé polstry;151637
698;Ratanová sedací souprava Fabion hnědá polstry Pegi;160272
699;Ratanová sedací souprava Fabion hnědá velká polstry přírodní bílé;158747
700;Ratanová sedací souprava Fabion hnědá velká polstry vínové;158745
701;Ratanová sedací souprava Fabion hnědá vínové polstry;151635
702;Ratanová sedací souprava Fabion koňak, polstry bílé;151667
703;Ratanová sedací souprava Fabion koňak, polstry Pegi;160270
704;Ratanová sedací souprava Fabion koňak, polstry vínové;151665
705;Ratanová sedací souprava Fabion maxi medová;151606
706;Ratanová sedací souprava Fabion medová polstry Pegi;160268
707;Ratanová sedací souprava Fabion medová velká;151627
708;Ratanová sedací souprava Fabion wicker mix;151690
709;Ratanová sedací souprava Fabion wicker mix bílé polstry;151697
710;Ratanová sedací souprava Fabion wicker mix vínové polstry;151695
711;Ratanová sedací souprava Gentong brown wash 2+1;158280
712;Ratanová sedací souprava Gentong brown wash 4+1;158330
713;Ratanová sedací souprava Gentong hnědá 2+1;158270
714;Ratanová sedací souprava Gentong hnědá 4+1;158320
715;Ratanová sedací souprava Gentong medová 2+1;158251
716;Ratanová sedací souprava Gentong medová 4+1 ;158300
717;Ratanová sedací souprava Jawa polstr červený;1491
718;Ratanová sedací souprava Jawa polstr Oliver;1490
719;Ratanová sedací souprava Key  Sebastien;589
720;Ratanová sedací souprava Kurhouse;157560
721;Ratanová sedací souprava Kurhouse s polstry;157561
722;Ratanová sedací souprava Kurhouse velká s polstry;157562
723;Ratanová sedací souprava Lily ratan kubu levá;588
724;Ratanová sedací souprava Lily ratan kubu pravá;576
725;Ratanová sedací souprava Lindsey 4+1 white wash polstry béžové;158803
726;Ratanová sedací souprava Lindsey polstry béžové;1407+1408 béžový
727;Ratanová sedací souprava Lindsey white wash polstry béžové;158802
728;Ratanová sedací souprava Maria;156251
729;Ratanová sedací souprava Mario;1284
730;Ratanová sedací souprava Milano  4+1 ;1538
731;Ratanová sedací souprava Oliver brown wash;154103
732;Ratanová sedací souprava Oliver hnědá;157633
733;Ratanová sedací souprava Oliver hnědá middle;157632
734;Ratanová sedací souprava Oliver medová ;157613
735;Ratanová sedací souprava Oliver medová  middle;157612
736;Ratanová sedací souprava Oliver middle;154102
737;Ratanová sedací souprava Oliver Pohoda;154105
738;Ratanová sedací souprava Oliver Pohoda polstry Ebony;154105 Ebony
739;Ratanová sedací souprava Oliver single;154104
740;Ratanová sedací souprava Oliver small;154100
741;Ratanová sedací souprava Paris koňak polstry hnědé;1440 B
742;Ratanová sedací souprava Paris koňak polstry Oliver;1440 OL
743;Ratanová sedací souprava Paris medová polstry hnědé;1200 B
744;Ratanová sedací souprava Paris medová polstry Oliver;1200 OL
745;Ratanová sedací souprava Parma ratan kubu;575
746;Ratanová sedací souprava Penang ratan kubu levá polstry béžové ;597
747;Ratanová sedací souprava Penang ratan kubu pravá;577
748;Ratanová sedací souprava Penang ratan kubu pravá polstry béžové;577 béž
749;Ratanová sedací souprava Prafa koňak hnědé polstry;529 brown
750;Ratanová sedací souprava Prafa koňak polstry látka ebony;529 ebony
751;Ratanová sedací souprava Prafa vodní hyacint polstry hnědé;580 brown
752;Ratanová sedací souprava Prafa wicker mix  polstry ebony;582 ebony
753;Ratanová sedací souprava Prafa wicker mix  polstry hnědé;582 brown
754;Ratanová sedací souprava Rio De Janeiro;584
755;Ratanová sedací souprava Rio De Janeiro polstry hnědozelené;594
756;Ratanová sedací souprava Roma ratan kubu polstry béžové oválný stolek;158787 béž
757;Ratanová sedací souprava Roma ratan kubu polstry šedomodré oválný stolek;158787 mod
758;Ratanová sedací souprava Roma velká ratan kubu polstry béžové;158789
759;Ratanová sedací souprava Roma velká ratan kubu polstry šedomodré;158789 modrý
760;Ratanová sedací souprava Roma velká s taburetkou ratan kubu polstry šedomodré;158790 modrý
761;Ratanová sedací souprava Safari;151274
762;Ratanová sedací souprava Sandra Brown Wash polstry látka Ebony;579 B
763;Ratanová sedací souprava Sandra hnědá polstry látka Ebony;578 B
764;Ratanová sedací souprava Sandra koňak polstry látka Ebony;553 B
765;Ratanová sedací souprava Sandra medová polstry látka Ebony;535 B
766;Ratanová sedací souprava Selangor 3+1 ovál, polstry bílé;151241
767;Ratanová sedací souprava Tazmania;151725
768;Ratanová sedací souprava Tazmania hnědá;151755
769;Ratanová sedací souprava Tazmania medová;160088
770;Ratanová sedací souprava Torino;110177
771;Ratanová sedací souprava Toscano ratan Croco stolek kulatý;541
772;Ratanová sedací souprava Wanuta Cognac polstry okrové ;151481
773;Ratanová sedací souprava Wanuta Cognac polstry vínové ;151485
774;Ratanová sedací souprava Wanuta hnědá polstry indo;151456
775;Ratanová sedací souprava Wanuta hnědá polstry okrové;151451
776;Ratanová sedací souprava Wanuta hnědá polstry vínové;151455
777;Ratanová sedací souprava Wanuta hnědá small polstry bílé;151337
778;Ratanová sedací souprava Wanuta hnědá small polstry červené;151332
779;Ratanová sedací souprava Wanuta hnědá small polstry indo;151336
780;Ratanová sedací souprava Wanuta hnědá small polstry modré;151334
781;Ratanová sedací souprava Wanuta hnědá small polstry okrové;151331
782;Ratanová sedací souprava Wanuta hnědá small polstry vínové;151335
783;Ratanová sedací souprava Wanuta medová ;151421
784;Ratanová sedací souprava Wanuta medová polstr INDO;151426
785;Ratanová sedací souprava Wanuta medová polstr přírodní bílá;151427
786;Ratanová sedací souprava Wanuta medová polstr vínový;151425
787;Ratanová sedací souprava Wanuta medová polstr vínový motiv;151437
788;Ratanová sedací souprava wanuta small cognac polstry okrové;151361
789;Ratanová sedací souprava wanuta small cognac polstry vínové;151365
790;Ratanová sedací souprava wanuta small medová polstr INDO;151306
791;Ratanová sedací souprava wanuta small medová polstr okrový;151301
792;Ratanová sedací souprava wanuta small medová polstr přírodní bílá;151307
793;Ratanová sedací souprava wanuta small medová polstr vínový;151305
794;Ratanová sedací souprava wanuta small medová polstr vínový motiv;151317
795;Ratanová skříňka  dvířka;1068
796;Ratanová skříňka  dvířka ,2 zásuvky;1071
797;Ratanová skříňka  s dvířky hnědá 4108;1164
798;Ratanová skříňka 4 zásuvky světlý med 6841;1170
799;Ratanová skříňka dvířka rohová hnědá;1070-hne
800;Ratanová skříňka dvířka rohová LH;1070-lh
801;Ratanová skříňka hnědá 6843;1169
802;Ratanová skříňka na CD;1227
803;Ratanová skříňka zásuvka dvířka medová  6840;1172
804;Ratanová skříňka zásuvka, dvířka hnědá 6840;1173
805;Ratanová souprava Fabion 4+1 brown wash;157926
806;Ratanová souprava Fabion 4+1 hnědá polstry Pegi;160266
807;Ratanová souprava Fabion 4+1 hnědá polstry přírodní bílá;158707
808;Ratanová souprava Fabion 4+1 hnědá polstry vínové ;158705
809;Ratanová souprava Swivel + stolek polstry žluté kopretiny;110173
810;Ratanová stěna 3 zásuvky hnědá;1166
811;Ratanová taburetka brown wash široká polstr bubliny;157296
812;Ratanová taburetka brown wash široká polstr hnědý list;157288
813;Ratanová taburetka brown wash široká polstr modrý;157284
814;Ratanová taburetka brown wash široká polstr modrý list;157289
815;Ratanová taburetka brown wash široká polstr okrový;157281
816;Ratanová taburetka brown wash široká polstr vínový;157285
817;Ratanová taburetka brown wash široká polstr vínový motiv;157297
818;Ratanová taburetka brown wash široká polstr zelená kostka;157299
819;Ratanová taburetka double se zásuvkami brown wash;1436
820;Ratanová taburetka double se zásuvkami hnědá;1320
821;Ratanová taburetka double se zásuvkami koňak;1319
822;Ratanová taburetka double se zásuvkami medová;1318
823;Ratanová taburetka double se zásuvkami wicker mix;1422
824;Ratanová taburetka Ear hnědá, polstr béžový;1195 béžový
825;Ratanová taburetka Ear hnědá, polstr oranžový;1195 OR
826;Ratanová taburetka Ear koňak, polstr béžový;1363 béžová
827;Ratanová taburetka Ear koňak, polstr oranžový;1363 OR
828;Ratanová taburetka Ear medová, polstr béžový;1365 béžový
829;Ratanová taburetka Ear medová, polstr oranžový;1365 OR
830;Ratanová taburetka Ear wicker mix, polstr béžový;1371 Béž
831;Ratanová taburetka Ear wicker mix, polstr oranžový;1371 OR
832;Ratanová taburetka Oliver brown wash;1184
833;Ratanová taburetka Oliver hnědá;1380
834;Ratanová taburetka Oliver medová polstr Ebony;1390
835;Ratanová taburetka Princess hnědá;1299
836;Ratanová taburetka Princess medová;1297
837;Ratanová taburetka se zásuvkou brown wash;1435
838;Ratanová taburetka se zásuvkou hnědá;1317
839;Ratanová taburetka se zásuvkou medová;1315
840;Ratanová taburetka široká hnědá polstr hnědý list;155518
841;Ratanová taburetka široká hnědá polstr modrý;155514
842;Ratanová taburetka široká hnědá polstr vínový;155515
843;Ratanová taburetka široká hnědá polstr zelený;155513
844;Ratanová taburetka široká koňak polstr bubliny;157236
845;Ratanová taburetka široká koňak polstr hnědý list;157228
846;Ratanová taburetka široká koňak polstr modrý;157224
847;Ratanová taburetka široká koňak polstr modrý list;157229
848;Ratanová taburetka široká koňak polstr okrový;157221
849;Ratanová taburetka široká koňak polstr vínový;157225
850;Ratanová taburetka široká koňak polstr vínový motiv;157237
851;Ratanová taburetka široká koňak polstr zelená kostka;157239
852;Ratanová taburetka široká medová polstr okrový;155481
853;Ratanová taburetka široká medová polstr vínový;155485
854;Ratanová taburetka široká medová polstr zelená kostka;155499
855;Ratanová taburetka široká medová s polstrem hnědý list;155488
856;Ratanová taburetka široká medová s polstrem modrým;155484
857;Ratanová taburetka široká medová s polstrem zeleným;155483
858;Ratanová taburetka úzká brown wash polstr bubliny;157266
859;Ratanová taburetka úzká brown wash polstr hnědý list;157258
860;Ratanová taburetka úzká brown wash polstr modrý;157254
861;Ratanová taburetka úzká brown wash polstr okrový;157251
862;Ratanová taburetka úzká brown wash polstr vínový;157255
863;Ratanová taburetka úzká brown wash polstr vínový motiv;157267
864;Ratanová taburetka úzká brown wash polstr zelená kostka;157269
865;Ratanová taburetka velká medová polstr okrový;158531
866;Ratanová taburetka vyplétaná brown wash;1459
867;Ratanová taburetka vyplétaná hnědá;1296
868;Ratanová taburetka vyplétaná koňak;1295
869;Ratanová taburetka vyplétaná medová;1294
870;Ratanová truhla bílá  velká;5007
871;Ratanová truhla Herra;5648
872;Ratanová truhla Herra malá ratan kubu;5698
873;Ratanová truhla Herra velká;5647
874;Ratanová truhla Herra velká ratan kubu;5697
875;Ratanová truhla s látkou cognac malá;5680
876;Ratanová truhla s látkou cognac set 2 kusy;157003
877;Ratanová truhla s látkou cognac velká;5679
878;Ratanová truhla s látkou hnědá malá;5682
879;Ratanová truhla s látkou hnědá set 2 kusy;157004
880;Ratanová truhla s látkou hnědá velká;5681
881;Ratanová truhla s látkou medová malá;5678
882;Ratanová truhla s látkou medová set 2 kusy;157002
883;Ratanová truhla s látkou velká medová;5677
884;Ratanová váza;5672
885;Ratanová zástěna se stojanem na květiny hnědá;1282
886;Ratanová zástěna se stojanem na květiny koňak;1281
887;Ratanová zásuvka- set 2 kusy;5699+5700
888;Ratanová židle Larissa medová;120035
889;Ratanové houpací křeslo  medové;1256
890;Ratanové houpací křeslo AXIN hnědé s polstrem - demont;1483
891;Ratanové houpací křeslo AXIN koňak;1368
892;Ratanové houpací křeslo AXIN koňak s polstrem;1482
893;Ratanové houpací křeslo brown wash + DEKA ZDARMA;1446
894;Ratanové houpací křeslo Kartini;1137
895;Ratanové houpací křeslo Kartini hnědé;1237
896;Ratanové houpací křeslo Kartini wicker mix;1268
897;Ratanové houpací křeslo světlý med + DEKA ZDARMA;1001
898;Ratanové houpací křeslo Swivel Helsinky  hnědé polstr žluté kopretiny;1501 +30406
899;Ratanové houpací křeslo Swivel Helsinky  medové bílý polstr;1473 +30277
900;Ratanové houpací křeslo Swivel Helsinky  medové okrový polstr;1473 +30201
901;Ratanové houpací křeslo Swivel Helsinky  medové polstr hnědý list;1473 +30278
902;Ratanové houpací křeslo Swivel Helsinky  medové polstr Oliver;1473 +30407
903;Ratanové houpací křeslo Swivel Helsinky  medové polstr vínový motiv;1473 +30377
904;Ratanové houpací křeslo Swivel Helsinky  medové vínový polstr;1473 +30275
905;Ratanové houpací křeslo Swivel Helsinky  medové zelený polstr;1473 +30273
906;Ratanové houpací křeslo Swivel Helsinky hnědé polstr Oliver;1501 +30407
907;Ratanové houpací křeslo Swivel Helsinky koňak - polstr Ebony;1484
908;Ratanové houpací křeslo Swivel hnědé okrový polstr;157131
909;Ratanové houpací křeslo Swivel hnědé polstr hnědý list;157138
910;Ratanové houpací křeslo Swivel hnědé vínový polstr;157135
911;Ratanové košíky set 3 kusy;5172+73+74
912;Ratanové křesílko dětské Bahama bílý polstr;150127
913;Ratanové křesílko dětské Bahama modrý polstr;150123
914;Ratanové křesílko dětské Bahama okrový polstr;150120
915;Ratanové křesílko dětské Bahama vínový ;150125
916;Ratanové křesko Ebony medové;120024+30130
917;Ratanové křeslo Bahama hnědé polstr bílý;150037
918;Ratanové křeslo Bahama hnědé polstr bílý MAXI;150057
919;Ratanové křeslo Bahama hnědé polstr modrý CZ;150034
920;Ratanové křeslo Bahama hnědé polstr okrový CZ;150031
921;Ratanové křeslo Bahama hnědé polstr okrový MAXI;150051
922;Ratanové křeslo Bahama hnědé polstr vínový;150035
923;Ratanové křeslo Bahama hnědé polstr vínový MAXI;150055
924;Ratanové křeslo Bahama hnědé polstr vínový motiv;150047
925;Ratanové křeslo Bahama hnědé polstr žlutý motiv;150048
926;Ratanové křeslo Bahama medové polstr bílý;150007
927;Ratanové křeslo Bahama medové polstr hnědý list;150008
928;Ratanové křeslo Bahama medové polstr hnědý list MAXI;150028
929;Ratanové křeslo Bahama medové polstr MAXI bílý;150027
930;Ratanové křeslo Bahama medové polstr modrá kostka;150004
931;Ratanové křeslo Bahama medové polstr okrová kostka;150001
932;Ratanové křeslo Bahama medové polstr vínový motiv;150017
933;Ratanové křeslo Bahama polstr MAXI  okrový;150021
934;Ratanové křeslo Bahama polstr MAXI  vínový kepr;150025
935;Ratanové křeslo Ear  medové, polstr oranžový;1364 OR
936;Ratanové křeslo Ear  wicker mix, polstr béžový;1370 Béž
937;Ratanové křeslo Ear  wicker mix, polstr oranžový;1370 OR
938;Ratanové křeslo Ear hnědé, polstr béžový;1194 béžový
939;Ratanové křeslo Ear hnědé, polstr oranžový;1194 OR
940;Ratanové křeslo Ear koňak, polstr béžový;1362 béžový
941;Ratanové křeslo Ear koňak, polstr oranžový;1362 OR
942;Ratanové křeslo Ear medové, polstr béžový;1364 béžové
943;Ratanové křeslo Ear s taburetkou hnědé, polstr béžový;1194+1195 béžový
944;Ratanové křeslo Ear s taburetkou hnědé, polstr oranžový;1194+1195 oranž
945;Ratanové křeslo Ear s taburetkou koňak, polstr béžový;1362+1363 béžový
946;Ratanové křeslo Ear s taburetkou koňak, polstr oranžový;1362+1363 oranž
947;Ratanové křeslo Ear s taburetkou medové, polstr béžový;1364+1365 béžový
948;Ratanové křeslo Ear s taburetkou medové, polstr oranžový;1364+1365 oranž
949;Ratanové křeslo Ear s taburetkou wicker mix polstr béžový;1370+1371 Béž
950;Ratanové křeslo Ear s taburetkou wicker mix polstr oranžový;1370+1371 OR
951;Ratanové křeslo Ebony hnědé;120026+30130
952;Ratanové křeslo Ebony koňak;120028+30130
953;Ratanové křeslo Ebony wicker mix;120030+30130
954;Ratanové křeslo Fabion cognac vínový polstr;151551
955;Ratanové křeslo fabion hnědé bílý polstr;151537
956;Ratanové křeslo Fabion hnědé vínový polstr;151535
957;Ratanové křeslo Fabion koňak bílý polstr;151550
958;Ratanové křeslo Fabion medové vínový polstr;151515
959;Ratanové křeslo Fabion wicker mix bílý polstr;151577
960;Ratanové křeslo Fabion wicker mix vínový polstr;151571
961;Ratanové křeslo Gentong brown wash s polstrem;158230
962;Ratanové křeslo Gentong hnědé s polstrem;158220
963;Ratanové křeslo Gentong medové s polstrem;158200
964;Ratanové křeslo houpací dětské hnědé;1234
965;Ratanové křeslo Pluto wicker mix s postrem;120033 + 30120
966;Ratanové křeslo polohovací medové, polstr hnědý list;157438
967;Ratanové křeslo polohovací medové, polstr modrý;157434
968;Ratanové křeslo polohovací medové, polstr okrový;157431
969;Ratanové křeslo polohovací medové, polstr vínový;157435
970;Ratanové křeslo polohovací medové, polstr zelená kostka;157449
971;Ratanové křeslo polohovací medové, polstr zelený;157433
972;Ratanové křeslo Ranchito hnědé OR;120008+30052
973;Ratanové křeslo s taburetkou Roma polstr šedomodrý;158781 modrý
974;Ratanové křeslo safari wicker mix;120012
975;Ratanové křeslo Wanuta cognac polstr INDO;120039
976;Ratanové křeslo Wanuta cognac polstr okrový;120039+30048
977;Ratanové křeslo Wanuta cognac polstr vínový;120039+30047
978;Ratanové křeslo Wanuta medové polstr bílý;120037+30382
979;Ratanové křeslo Wanuta medové polstr červený;120037+30049
980;Ratanové křeslo Wanuta medové polstr INDO;120037
981;Ratanové křeslo Wanuta medové polstr okrový;120037+30048
982;Ratanové křeslo Wanuta medové polstr vínový;120037+30047
983;Ratanové křeslo Wanuta wicker mix polstr červený;120043+30049
984;Ratanové křeslo Wanuta wicker mix polstr modrý;120043+30381
985;Ratanové křeslo Wanuta wicker mix polstr přírodní bílý;120043+30382
986;Ratanové křeslo Wanuta wicker mix polstr vínový;120043+30047
987;Ratanové lehátko Karola s odkládacím stolkem;1403+1417
988;Ratanové lehátko Karola s odkládacím stolkem, polstr béžový;1403+1417béžový
989;Ratanové lehátko Kate s polstrem bílým;1411
990;Ratanové lehátko Kate s polstrem krémovým;1411 béž
991;Ratanové lehátko Nelli s polstrem krémovým;1412
992;Ratanové lehátko Pieces;1409
993;Ratanové lehátko ratan kubu;1402
994;Ratanové souprava Ear hnědá polstry OR;2X1194+1379OR
995;Ratanové souprava Ear hnědá s taburetkou polstry OR ;2X1194+1195+1379OR
996;Ratanovo - bambusový stojánek;1099
997;Ratanovo - bambusový stojánek na noviny;1098
998;Ratanový koš 2 ucha ;5402
999;Ratanový koš set 2 kusy;5350
1000;Ratanový košík barevný set 3 varianta oranžová;115482-ora
1001;Ratanový košík barevný set 3 varianta žlutá;115482-zlu
1002;Ratanový košík čtvercový set 3 varianta zelená;5328
1003;Ratanový košík Kooboo kulatý;5664
1004;Ratanový košík modrý pruh velký;5133
1005;Ratanový košík na 1 láhev;5649
1006;Ratanový košík na 2 láhve;5650
1007;Ratanový košík nákupní;5486
1008;Ratanový košík nákupní;5485
1009;Ratanový košík piknik;5121
1010;Ratanový košík piknik;5507
1011;Ratanový košík příborník modrý;5640
1012;Ratanový košík příborník oranžový;5639
1013;Ratanový košík příborník žlutý;5638
1014;Ratanový košík s jedním uchem;5003
1015;Ratanový košík s modrým pruhem set 3 ks;5015+5016+5017
1016;Ratanový košík se žlutým průpletem;5508
1017;Ratanový košík set 2 varianta oranžová;5332+5333 OR
1018;Ratanový košík set 2 varianta zelená;5331+5332 G
1019;Ratanový košík set 2 varianta zelená;5332+5333 G
1020;Ratanový košík set 2 varianta žlutá;5332+5333 Y
1021;Ratanový košík ucha růžový;5463 r
1022;Ratanový košík ucha žlutý;5463 ž
1023;Ratanový košík- varianta bílá;5331 W
1024;Ratanový novinový stojánek Diamond;1174
1025;Ratanový novinový stojánek Diamond hnědý;1262
1026;Ratanový papasan 100 cm Cognac polstr modré kopretiny;155060 modré kopretiny
1027;Ratanový papasan 110 cm  medový bílý polstr;155127
1028;Ratanový papasan 110 cm  medový polstr hnědý list ;155128
1029;Ratanový papasan 110 cm  medový polstr pískový;155135
1030;Ratanový papasan 110 cm  medový polstr vínový;155125
1031;Ratanový papasan 110 cm  medový polstr vínový motiv;155137
1032;Ratanový papasan 110 cm  medový polstr zelená kostka;155139
1033;Ratanový papasan 110 cm Cognac, polstr bílý;155187
1034;Ratanový papasan 110 cm Cognac, polstr hnědý list;155188
1035;Ratanový papasan 110 cm Cognac, polstr okrový;155181
1036;Ratanový papasan 110 cm Cognac, polstr vínový;155185
1037;Ratanový papasan 110 cm koňak, polstr pískový;155195
1038;Ratanový papasan 110 cm koňak, polstr vínový motiv;155197
1039;Ratanový papasan 110 cm koňak, polstr zelená kostka;155199
1040;Ratanový papasan 110 cm koňak, polstr zelený;155183
1041;Ratanový papasan 110 cm medový okrový CZ;155121
1042;Ratanový papasan 110 cm medový polstr zelený;155123
1043;Ratanový papasan 115 cm hnědý - polstr Ebony ;1487
1044;Ratanový papasan 115 cm koňak - polstr Ebony  ;1486
1045;Ratanový papasan brown wash 110 cm polstr bílý;157707
1046;Ratanový papasan brown wash 110 cm polstr hnědý list;157708
1047;Ratanový papasan brown wash 110 cm polstr okrový;157701
1048;Ratanový papasan brown wash 110 cm polstr vínový;157705
1049;Ratanový papasan brown wash 110 cm polstr vínový motiv;157717
1050;Ratanový papasan Croco polstr bílý;156037
1051;Ratanový papasan Croco polstr hnědý list;156038
1052;Ratanový papasan Croco polstr okrový;156031
1053;Ratanový papasan Croco polstr pískový;156045
1054;Ratanový papasan Croco polstr vínový;156035
1055;Ratanový papasan Croco polstr vínový motiv;156047
1056;Ratanový papasan Croco polstr zelená kostka;156049
1057;Ratanový papasan dětský hnědý modré kopretiny;1151 hnědý, kopretiny
1058;Ratanový papasan dětský modré kopretiny;1151 modré kopretiny
1059;Ratanový papasan double koňak, polstr okrový;157581
1060;Ratanový papasan double medový polstr okrový;155211
1061;Ratanový papasan houpací hnědý 115 cm - polstr Ebony ;1481
1062;Ratanový papasan houpací koňak 115 cm - polstr Ebony;1480
1063;Ratanový papasan wicker cognac polstr bílý;156067
1064;Ratanový papasan wicker cognac polstr hnědý list;156068
1065;Ratanový papasan wicker cognac polstr okrový;156061
1066;Ratanový papasan wicker cognac polstr vínový;156065
1067;Ratanový papasan wicker cognac polstr zelený;156063
1068;Ratanový papasan wicker hnědý polstr bílý;157797
1069;Ratanový papasan wicker hnědý polstr hnědý list;157798
1070;Ratanový papasan wicker hnědý polstr modrý;157794
1071;Ratanový papasan wicker hnědý polstr okrový;157791
1072;Ratanový papasan wicker hnědý polstr vínový;157795
1073;Ratanový papasan wicker hnědý polstr vínový motiv;157807
1074;Ratanový papasan wicker hnědý polstr zelená kostka;157809
1075;Ratanový papasan wicker mix polstr bílý;157827
1076;Ratanový papasan wicker mix polstr hnědý list;157828
1077;Ratanový papasan wicker mix polstr modrý;157824
1078;Ratanový papasan wicker mix polstr okrový;157821
1079;Ratanový papasan wicker mix polstr vínový;157825
1080;Ratanový papasan wicker mix polstr vínový motiv;157837
1081;Ratanový papasan wicker mix polstr zelená kostka;157839
1082;Ratanový papasan wicker polstr bílý;156007
1083;Ratanový papasan wicker polstr hnědý list;156008
1084;Ratanový papasan wicker polstr okrový;156001
1085;Ratanový papasan wicker polstr vínový;156005
1086;Ratanový papasan wicker polstr zelený;156003
1087;Ratanový paravan;1016
1088;Ratanový paravan Emerald;1401
1089;Ratanový paravan Mambhoo brown wash;1375
1090;Ratanový paravan Mambhoo hnědý;1225
1091;Ratanový paravan Mambhoo LH;1223
1092;Ratanový podnos na 6 sklenic;5651
1093;Ratanový set na ubrousky;5660
1094;Ratanový stojan na 3 květiny oblouk;1058
1095;Ratanový stojan na květiny kruhový;1059
1096;Ratanový stojánek na 2 květiny;1121
1097;Ratanový stojánek na 2 květiny;1018
1098;Ratanový stojánek na 3 květiny;1010
1099;Ratanový stojánek na 3 květiny;1011
1100;Ratanový stojánek na deštníky;1154
1101;Ratanový stojánek na květinu;1004
1102;Ratanový stojánek na květinu;1005
1103;Ratanový stojánek na květinu vozík;1006
1104;Ratanový stojánek na láhev;1261
1105;Ratanový stojánek na noviny;1091
1106;Ratanový stojánek na noviny IVINA;1321
1107;Ratanový stojánek na noviny LH;1090
1108;Ratanový stojánek na víno hnědý;1293
1109;Ratanový stojánek na víno koňak;1292
1110;Ratanový stojánek na víno medový;1291
1111;Ratanový stolek Bahama koňak se sklem;120023
1112;Ratanový stolek Bahama medový se sklem;120001
1113;Ratanový stolek Fabion hnědý;120056
1114;Ratanový stolek Fabion koňak;120058
1115;Ratanový stolek Fabion oválný brown wash;120144
1116;Ratanový stolek Fabion oválný hnědý;120166
1117;Ratanový stolek Fabion oválný medový;120054
1118;Ratanový stolek Fabion wicker mix;120060
1119;Ratanový stolek Oliver brown wash malý;1188
1120;Ratanový stolek Oliver hnědý malý;1378
1121;Ratanový stolek Oliver medový malý;1388
1122;Ratanový stolek Oliver velký brown wash;1189
1123;Ratanový stolek Oliver velký hnědý;1379
1124;Ratanový stolek Oliver velký medový;1389
1125;Ratanový stolek Ranchito hnědý;120009
1126;Ratanový stolek Safari;1157
1127;Ratanový stolek Selangor + sklo 60 cm;120016
1128;Ratanový stůl jídelní  Wanuta hnědý;120042
1129;Ratanový stůl jídelní  Wanuta med;120038
1130;Ratanový stůl jídelní Wanuta cognac;120040
1131;Ratanový tác kulatý;5382
1132;Ratanový tác vyplétaný oblouk velký;5655
1133;Ratanový tác vyplétaný ovál menší;5654
1134;Ratanový tác vyplétaný ovál velký;5653
1135;Ratanový věšák hnědý;1241
1136;Ratanový věšák medový;1240
1137;Regál třípatrový se zásuvkou;1456
1138;Rohož bambusová na stěnu 60x200 cm typ 2;42275
1139;Rohož bambusová na stěnu 60x300 cm;42266
1140;Rohož bambusová na stěnu 60x300 cm typ 2;42276
1141;Rohož bambusová na stěnu 70x200 cm typ 2;42277
1142;Rohož bambusová na stěnu 70x300 cm;42257
1143;Rohož bambusová na stěnu 70x300 cm typ 2;42278
1144;Rohož bambusová na stěnu 80x200 cm typ 2;42279
1145;Rohož bambusová na stěnu 80x300 cm typ 2;42280
1146;Rohož palma na stěnu  80x300 cm;42239
1147;Rohož palma na stěnu  90x200 cm;42244
1148;Rohož palma na stěnu  90x300 cm;42267
1149;Rohož palma na stěnu 60x300 cm;42242
1150;Rohož palma na stěnu 70x200 cm;42246
1151;Rohož palma na stěnu 70x300 cm;42243
1152;Rohož palma na stěnu 80x200 cm;42247
1153;Rohož plotová rákos 100 x 500 cm;5690
1154;Rohož plotová rákos 130x500 cm;5691
1155;Rohožka mořské řasy;5059
1156;Rohožka mořské řasy jablka;5636
1157;Rohožka mořské řasy kytka;5634
1158;Rohožka mořské řasy motýl;5635
1159;Sedací souprava Aprillia polstry hnědé;546 B
1160;Sedací souprava Aprillia polstry oranžové;546
1161;Sedací souprava AXIN 1 umělý ratan;440034
1162;Sedací souprava AXIN 2 umělý ratan;440033
1163;Sedací souprava CUBUS banánový list;156220
1164;Sedací souprava Heine ratan Kubu;572
1165;Sedací souprava Moonson;549
1166;Sedací souprava Moonson II;549 II
1167;Sedací souprava Penang malá OR;154040
1168;Sedací souprava Penang malá Y;154041
1169;Sedací souprava Penang OR levá s křeslem;154064
1170;Sedací souprava Penang pravá Y;154063
1171;Sedací souprava Penang Y levá s křeslem;154065
1172;Sedací souprava Rahni vodní hyacint ;591
1173;Sedací souprava Toscano banánový list ;567
1174;Set - 2 truhly;110110
1175;Set 3 kusů košů s uchy;5721+22+23
1176;Set bambusových košů;70100+70101+70102
1177;Set bambusových truhliček;5451+5452
1178;Set dárkový AXIN 1;110151
1179;Set dárkový AXIN 4;110172
1180;Set dárkový AXIN 5;110164
1181;Set fondue keramika + bambus;90095
1182;Set kapradinových košíčků - set 3 kusy;5325+5326+5327
1183;Set ratanových misek  - 4 kusy;5441+5442+5443+5444
1184;Set salátový keramika + bambusový podnos;90093
1185;Stínítko na lampu L;42163
1186;Stínítko na lampu XL;42164
1187;Stojan na 4 květiny kruhový;1457
1188;Stojan na CD bambus;1110
1189;Stojan na CD bambus;1111
1190;Stojan na víno;1116
1191;Stojánek na květinu set 2 kusy;1004+1005
1192;Stojánek na noviny ratanový;1089
1193;Stojánek na ubrousky;445045
1194;Stolek Bahama hnědý se sklem;120020
1195;Stolek Heine banánový list;120049
1196;Stůl jídelní Banny;1199
1197;Taburetka banánový list velká;1448
1198;Taburetka široká barevná Brown polstr okrový;155511
1199;Taburetka široká bílá Brown;155517
1200;Taburetka široká bílá LH;155487
1201;Taška mořská tráva barevná L;5249
1202;Taška mořská tráva barevná M;5250
1203;Taška mořská tráva barevná XL;5248
1204;Taška mořské řasy ratanová ucha červená;5506-cer
1205;Taška mořské řasy ratanová ucha modrá;5506-mod
1206;Taška mořské řasy ratanová ucha zelená;5506-zel
1207;Taška vodní hyacint;5519
1208;Taška vodní hyacint;5518
1209;Tác mořské řasy;50019
1210;Tác oválný vrbové proutí velký;445016
1211;Tác ratanový;5001
1212;Tác ratanový;5113
1213;Tác vrbový šedý;70104
1214;Tác vyplétaný oblouk menší;5656
1215;Truhla bambusová menší hnědá;5034
1216;Truhla bambusová menší natural;5587
1217;Truhla bambusová velká natural;5586
1218;Truhla kapradinová hnědá s látkou L;5275
1219;Truhla kapradinová hnědá s látkou XL;5274
1220;Truhla kapradinová L;5348
1221;Truhla kapradinová M;5349
1222;Truhla kapradinová s látkou L;5348 +30012
1223;Truhla kapradinová s látkou M;5349 + 30013
1224;Truhla kapradinová s látkou XXL;5346 + 30010
1225;Truhla kapradinová XXL;5346
1226;Truhla prádelní kapradina kukuřice;5104
1227;Tužkovník červený;445044 červený
1228;Tužkovník hnědý;445044 hnědý
1229;Tužkovník oranžový;445044 oranžový
1230;Tužkovník zelený;445044 zelený
1231;Tužkovník žlutý;445044 žlutý
1232;Tyčky ke květinám délka 100 cm;110003
1233;Tyčky ke květinám délka 130 cm;79
1234;Tyčky ke květinám délka 30 cm;74
1235;Tyčky ke květinám délka 50 cm;73
1236;Váza pálená dekor mořské řasy;50000
1237;Váza pálená dekor mořské řasy široká;50041
1238;Váza rope gepeng;42139
1239;Váza rope JaJ;42140
1240;Váza rope tall;42138
1241;Váza velká hnědá;42137
1242;Věšáková stěna s poličkou;1458
1243;Volavka pojídá rybu;42116
1244;Zahradní nábytek kov + umělý ratan 1+1;440030
1245;Zahradní nábytek kov + umělý ratan 2+1;440031
1246;Zahradní nábytek set  polstry zelené;440009+30216
1247;Zahradní nábytek set  polstry žluté;440009+30215
1248;Zahradní nábytek set s lavicí zelené polstry;440010+30219+30220
1249;Zahradní nábytek set s lavicí žluté polstry;440010+30221+30222
1250;Zahradní nábytek set sedmidílný polstry zelené;440008+30216
1251;Zahradní nábytek set sedmidílný polstry žluté;440008+30217
1252;Zásuvka;110032
1253;Zásuvka barevná vysoká menší;5303
1254;Zásuvka barevná vysoká velká;5302
1255;Zásuvka kapradinová s pevným dnem;5624
1256;Zásuvka kapradinová s pevným dnem - vzhledové vady;5624 1
1257;Zásuvka modrý průplet vysoká set 3 ks;5299
1258;Zásuvka set 2 kusy;115457
1259;Zásuvka set 3 kusy;110099
1260;Zásuvka velká;5456
1261;Zebra stojící;42115
1262;Zebra stojící natural;42180
1263;Zrcadlo vysoké ratan kubu;1500
1264;Židle Banny banánový list;1175
1265;Židle Larissa wicker mix;120036
1266;Žirafa afrika černá 1m;42194
1267;Žirafa afrika černá 80 cm;42195
1268;Žirafa afrika hnědá 1 m;42191
1269;Žirafa afrika hnědá 80 cm;42192
1270;Žirafa family;42114
1271;Žirafa stojící  textura;42171
1272;Žirafa stojící  textura;42113
1273;Žirafa stojící  textura bílá;42170
1274;Žirafa stojící  textura bílá;42113 W
1275;ratanové křeslo KING ušák - světlé;K016S
1276;ratanové křeslo KING ušák - tmavé;K016T
1277;ratanová jídelní židle BELAGIO;Z021S
1278;ratanová jídelní židle BUENO;Z020S
1279;ratanový otoman CANDELA s úložným prostorem;K009-vodni-hyacint
1280;ratanový otoman LAUNDRY - tmavý;N049T
1281;ratanový otoman LAUNDRY - světlý;N049S
1282;ratanové křeslo BAHAMA - tmavé;S001Tb
1283;ratanové křeslo LAURA - světlé;ETP-ZY852Sb
1284;ratanové křeslo LAURA - tmavé;ETP-ZY852Tb
1285;ratanová sedací souprava LAURA- tmavá;ETP-ZY852ST
1286;ratanová sedací souprava LAURA - světlá;ETP-ZY852S
1287;ratanová sedací souprava DREAM - tmavá;ETP-SF125T
1288;ratanová sedací souprava DREAM - světlá;ETP-SF125S
1289;ratanová sedací souprava GLOBE;ETP-SF124
1290;ratanová židle SEATTLE NATUR- konstrukce borovice;Z006S-NATUR
1291;stolek -velký- vodní hyacint;STWH0019
1292;taburet SCRABBLE - vodní hyacint;S046b
1293;ratanové dvoulůžko -obloukové čelo- světlé;PL04S-V
1294;ratanové dvoulůžko- hranaté čelo - světlé;PL03S-V
1295;ratanové jednolůžko - světlé;PL01S-V
1296;květináč - vodní hyacint - sada 3 kusů;GN0013Dabc
1297;květináč - vodní hyacint - sada 3 kusů;VAW23026abc
1298;květináč - vodní hyacint - sada 3 kusů;OBWH-0003abc
1299;květináč - vodní hyacint - sada 2 kusů;GN135cd
1300;květináč - vodní hyacint - sada 3 kusů;GN0003Dabc
1301;květináč - vodní hyacint - sada 2 kusů;G462ab
1302;květináč - vodní hyacint - sada 2 kusů;GN0117Dab
1303;květináč - vodní hyacint - sada 3 kusů;G217abc
1304;obal na květináč - vodní hyacint - sada 2 kusů;GN358Tab
1305;obal na květináč - světlý - sada 2 kusů;GN358Sab
1306;květináč - vodní hyacint - sada 2 kusů;GN462ab
1307;květináč - vodní hyacint - sada 2 kusů;GN135ab
1308;květináč - vodní hyacint - sada 2 kusů;GN0122Dab
1309;květináč - vodní hyacint- sada 2 kusů;GN204ab
1310;obal na květináč-v.hyacint-mořská tráva-sada 2 ks;GN0122Dab-NEW
1311;křeslo PRAHA - mahagon-bananovy-list;S041b
1312;koš s víkem - mořská tráva - sada 3 kusů;G48abc
1313;prádelní koš oválný - vodní hyacint - sada 2 kusů;KOWH-0007ab
1314;koš s víkem - vodní hyacint - sada 3 kusů;G41abc
1315;truhlička - vodní hyacint - sada 4 kusů;G301abcd
1316;prádelní koš JEREMY- banánový list - tmavý- sada;N062ab
1317;prádelní koš JEREMY - banánový list - sada 2 kusů;N061ab
1318;prádelní koš JEREMY - vodní hyacint - sada 2 kusů;N060ab
1319;ratanový prádelní koš kulatý - tmavý- sada 2 kusů;N076Tab
1320;ratanový prádelní koš kulatý - světlý- sada 2 kusů;N076Sab
1321;koš - mořská tráva - sada 3 kusů;GNB-2055abc
1322;koš - vodní hyacint - sada 3 kusů;GNB-2054abc
1323;koš s úchytkou - vodní hyacint - sada 4 kusů;KOWH-0027abcd
1324;ratanový koš - tmavý - sada 2 kusů;N072Tab
1325;ratanový koš- světlý - sada 2 kusů;N072Sab
1326;koš - vodní hyacint - sada 2 kusů;KOWH-0022ab
1327;koš - mořská tráva - sada 2 kusů;GN015ab
1328;koš -vodní hyacint - sada 2 kusů;GN032ab
1329;koš - vodní hyacint - sada 2 kusů;GNB-2041ab
1330;ratanový košík - tmavý - sada 3 kusů;N108Tabc
1331;ratanový košík - světlý - sada 3 kusů;N108Sabc
1332;miska - vodní hyacint - sada 3 kusů;G82abc
1333;koš - velký - vodní hyacint;GNB-2099c
1334;obal na květináče -velký- vodní hyacint;GNB-2099c-obal
1335;květináč - největší - vodní hyacint;OBWH-0004d
1336;květináč - velký - vodní hyacint;OBWH-0004c
1337;květináč střední - vodní hyacint;GN0052BKb
1338;ratanové křeslo PRAHA - tmavé;S042Tb
1339;ratanové křeslo PRAHA - světlé;S042Sb
1340;ratanový obývací stolek ADELE - světlý;S060Sa
1341;ratanový obývací stolek ADELE - tmavý;S060Ta
1342;ratanové křeslo ADELE- světlé;S060Sb
1343;ratanové křeslo ADELE- tmavé;S060Tb
1344;ratanový prádelník MACAO - světlý;N022S
1345;křeslo SAN JUAN - mořská tráva;S011Sb
1346;stolek SCRABBLE - vodní hyacint;S046a
1347;ratanový jídelní stůl UNI - tmavý;J002Ta
1348;ratanový jídelní stůl UNI - světlý;J002Sa
1349;ratanová židle SEATTLE - konstrukce mahagon;Z006T-NEW
1350;ratanová židle SEATTLE - konstrukce borovice;Z006S-NEW
1351;jídelní židle LATVIA - mahagon - banánový list;Z003T
1352;jídelní židle LATVIA - borovice - banánový list;Z003S
1353;jídelní židle HAIFA - mahagon - banánový list;Z002T
1354;jídelní židle HAIFA - borovice - banánový list;Z002S
1355;jídelní židle CAUCEDOS - mahagon - banánový list;Z001T
1356;jídelní židle CAUCEDOS - borovice - banánový list;Z001S
1357;jídelní židle MONTE - borovice - banánový list;Z015S
1358;ratanová jídelní židle BALERO;Z019T
1359;jídelní židle BALERO;Z019S
1360;ratanová jídelní židle MEMPHIS;Z013S
1361;ratanový prádelník 6 zásuvek - světlý;N087S-NEW
1362;ratanová sedací souprava ADELE - tmavá;S060T
1363;ratanová sedací souprava ADELE - světlá;S060S
1364;ratanové křeslo KELLY - tmavé;S019Tb
1365;ratanová sedací souprava KELLY - tmavá;S019T
1366;ratanová jídelní židle CORINA - tmavá;Z012T
1367;ratanová jídelní židle CORINA - světlá;Z012S
1368;ratanové křeslo MARVEL;K019S
1369;ratanové křeslo CANDELA - banánový list;S026b
1370;ratanová sedací souprava RIO - tmavá;S055T-V
1371;ratanová sedací souprava RIO - světlá;S055S-V
1372;ratanová sedací souprava BAHAMA - světlá;S001SV
1373;ratanová jídelní židle WENA;WN-Z
1374;ratanová jídelní souprava WENA;WN-S
1375;ratanový stolek CARMONA;S047a
1376;ratanový košík - tmavý;N108T
1377;ratanový košík - světlý;N108S
1378;ratanová sedací souprava KERIN - tmavá;S025T
1379;pohovka SAN JUAN - mořská tráva;S011Sc
1380;sedák na pohovku BAHAMA - dvoudílný;PAL-POH
1381;sedák na křeslo BAHAMA - dvoudílný;PAL-KR
1382;květináč - vodní hyacint;VAW23026
1383;květináč - vodní hyacint;G462
1384;truhlička - vodní hyacint;G301
1385;květináč - vodní hyacint;G217
1386;koš na noviny - tmavý - vodní hyacint;G179T
1387;koš na noviny - tmavý - vodní hyacint;G175T
1388;koš na dřevo - vodní hyacint;G145
1389;miska - vodní hyacint;G82
1390;koš s víkem - mořská tráva;G48
1391;koš s víkem - vodní hyacint;G41
1392;ratanový obývací stolek MAKITA - světlý;S058Sa
1393;ratanový stolek ANGELO - tmavý;S057Ta
1394;ratanový stolek ANGELO - světlý;S057Sa
1395;ratanové křeslo ANGELO - tmavé;S057Tb
1396;ratanová sedací souprava ANGELO - tmavá;S057T
1397;ratanová sedací souprava KELLY - světlá;S019S
1398;ratanové křeslo KELLY - světlé;S019Sb
1399;ratanová sedací souprava RIO - tmavá;S055T
1400;ratanový prádelník 5 zásuvek - tmavý;N107T
1401;ratanový prádelník 5 zásuvek - světlý;N107S
1402;ratanový prádelník 4 zásuvky - světlý;N106S
1403;ratanový stojan na 11 lahví vína - tmavý;N103T
1404;ratanový stojan na 11 lahví vína - světlý;N103S
1405;ratanový stojan na 8 lahví vína - tmavý;N102T
1406;ratanový stojan na 8 lahví vína - světlý;N102S
1407;ratanový prádelník 3 zásuvky - tmavý;N105T
1408;zinkový květináč - natur;FO-9715-1-Nb
1409;ratanový věšák - tmavý;N100T
1410;ratanový věšák - světlý;N100S
1411;ratanový obývací stolek PRAHA - tmavý;S042Ta
1412;ratanový obývací stolek PRAHA - světlý;S042Sa
1413;ratanový prádelní koš oblý - tmavý;N080T
1414;ratanový prádelní koš rohový - tmavý;N078T
1415;ratanový prádelní koš půlkulatý - tmavý;N077T
1416;ratanová pohovka KERIN - tmavá;S023Tc
1417;ratanová pohovka KERIN - světlá;S023Sc
1418;křeslo CHARLESTON - banánový list;S044b
1419;koš - vodní hyacint;GN0017BSa-V
1420;ratanový prádelní koš oblý - světlý;N080S
1421;ratanový prádelní koš rohový - světlý;N078S
1422;ratanový prádelní koš půlkulatý - světlý;N077S
1423;ratanový taburet vyplétaný - světlý;K018S
1424;ratanová police 2 patra - světlá;N096S
1425;ratanová rohová police 3 patra - tmavá;N095T
1426;ratanová rohová police 3 patra - světlá;N095S
1427;ratanová rohová police 4 patra - tmavá;N094T
1428;ratanová police 3 patra - světlá;N093S
1429;ratanový stolek hranatý - tmavý;N090T
1430;ratanový prádelník s 2 policemi - světlý;N089S
1431;ratanový prádelník s policí - tmavý;N088T
1432;ratanový prádelník 6 zásuvek - tmavý;N087T
1433;ratanový prádelník 6 zásuvek - světlý;N087S
1434;ratanový prádelník 2+2 zásuvky - tmavý;N086T
1435;ratanový prádelník 4+2 zásuvky - světlý;N085S
1436;ratanový prádelní koš hranatý - tmavý;N079T
1437;ratanová váza - odstín olše;N021S-V
1438;ratanová váza - odstín olše;N020S-V
1439;ratanová váza - odstín olše;N019S-V
1440;ratanový prádelní koš kulatý - tmavý;N076T
1441;ratanový prádelní koš kulatý - světlý;N076S
1442;ratanový koš - tmavý;N072T
1443;ratanový koš - světlý;N072S
1444;ratanová sedací souprava GRANADA - tmavá;S014T
1445;ratanové křeslo GRANADA - tmavé;S014Tb
1446;ratanové křeslo PORTORIKO - tmavé;S016Tb
1447;ratanový obývací stolek - tmavý;S051T
1448;ratanová sedací souprava PORTORIKO - tmavá;S016T
1449;ratanové křeslo PORTORIKO - světlé;S016Sb
1450;ratanový obývací stolek - světlý;S051S
1451;ratanová sedací souprava PORTORIKO - světlá;S016S
1452;ratanová váza - sada - odstín olše;N019S-N020S-N021S-V
1453;jídelní židle LENKA - borovice - banánový list;J007Sb
1454;sedací souprava SCRABBLE - vodní hyacint;S046
1455;sedací souprava APOLLO - banánový list;S048
1456;ratanová jídelní židle AKROPOLIS - světlá;J001Sb
1457;ratanový stůl ESTRANGELO;S020a-V
1458;zinkový květináč - šedý;FO-9704-Sb
1459;zinkový květináč - červený;FO-9704-C
1460;sedací souprava SOFIA - mořská tráva;S013
1461;sedací souprava MADRID - banánový list;S015
1462;zinkový květináč - natur;FO-9716-Na
1463;zinkový květináč - šedý;FO-9716-Sa
1464;zinkový květináč - červený;FO-9716-Ca
1465;zinkový květináč - šedý - střední;FO-9715-1-Sb
1466;zinkový květináč - natur;FO-9708-Na
1467;zinkový květináč - šedý;FO-9701-Sa
1468;ratanový prádelní koš hranatý - světlý;N079S
1469;dvojitý PAPASAN - tmavý;K017T
1470;dvojitý PAPASAN - světlý;K017S
1471;ratanový obývací stolek - tmavý;OS-07T
1472;ratanová sedací souprava GRANADA - světlá;S014S
1473;ratanová police 4 patra - světlá;N092S
1474;ratanový stolek hranatý - světlý;N090S
1475;ratanový zrcadlový rám - tmavý;R-01T
1476;ratanový prádelník s policí - světlý;N088S
1477;ratanové křeslo GRANADA - světlé;S014Sb
1478;ratanový oválný stolek - tmavý;OS-05T
1479;ratanový obývací stolek - tmavý;OS-01T
1480;ratanový jídelní stůl pro 4 osoby - tmavý;JS-05T
1481;květináč velký - vodní hyacint;GN004Db
1482;dekorativní bambusová mísa - zlatá;TALA-0704-Z
1483;dekorativní bambusová mísa - stříbrná;TALA-0704-S
1484;bambusový podnos s úchytkami - zlatý;TALA-0702-Z
1485;bambusový podnos s úchytkami - stříbrný;TALA-0702-S
1486;bambusová mísa - stříbrná;MILA-0705-S
1487;bambusová mísa - zlatá;MILA-0705-Z
1488;bambusová mísa - stříbrná;MILA-0703-S
1489;bambusová mísa - zlatá;MILA-0703-Z
1490;bambusová mísa stříbrná;MILA-0701-S
1491;bambusová mísa - zlatá;MILA-0701-Z
1492;květináč - vodní hyacint - sada 3 kusy;OBWH-0031
1493;květináč - vodní hyacint - sada 3 kusy;OBWH-0029
1494;květináč konický - vodní hyacint;OBWH-0016
1495;koš - vodní hyacint;KOWH-0022
1496;stolek - vodní hyacint;G415
1497;koš s úchytkou - vodní hyacint;KOWH-0027
1498;květináč -větší- vodní hyacint;OBWH-0014b
1499;květináč - vodní hyacint;OBWH-0001
1500;květináč - vodní hyacint;OBWH-0003
1501;květináč - vodní hyacint - sada 3 kusy;OBWH-0030
1502;podnos - vodní hyacint;TAWH-0017
1503;prádelní koš oválný - vodní hyacint;KOWH-0007
1504;ošatka - vodní hyacint;MIWH-0005
1505;květináč - střední - vodní hyacint;OBWH-0004b
1506;květináč - velký - vodní hyacint;OBWH-0002c
1507;obývací stolek FARGO - banánový list;S018a
1508;ratanová jídelní židle BALI - tmavá;J011Tb
1509;jídelní židle LENKA - banánový list - mahagon;J007Tb
1510;sedací souprava SAN JUAN - ratan - banánový list;S011T
1511;obývací stolek CHARLESTON - banánový list;S044a
1512;květináč - vodní hyacint;GN462
1513;obal na květináč - vodní hyacint;GN358T
1514;obal na květináč - světlý;GN358S
1515;koš s úchytkami - vodní hyacint;GN221
1516;květináč - vodní hyacint;GN213
1517;květináč - vodní hyacint;GN204
1518;květináč - vodní hyacint;GN135
1519;květináč - vodní hyacint;GN135i
1520;miska - vodní hyacint;GN069
1521;stojan na 2 lahve vína - vodní hyacint;GN051
1522;koš - vodní hyacint;GN036
1523;koš - vodní hyacint - tmavý;GN032
1524;koš s víkem - vodní hyacint;GN023
1525;koš - mořská tráva;GN015
1526;sedací souprava CHARLESTON - banánový list;S044
1527;ratanová sedací souprava CHARLESTON - tmavá;S043T
1528;ratanová sedací souprava CHARLESTON - světlá;S043S
1529;ratanová sedací souprava PRAHA - tmavá;S042T
1530;ratanová sedací souprava PRAHA - světlá;S042S
1531;ratanová jídelní souprava HORIZONT - tmavá;J013T
1532;ratanová jídelní souprava BALI - tmavá;J011T
1533;ratanový otoman FREON s úložným prostorem - tmavý;K010T
1534;ratanový prádelník 5 zásuvek - světlý;N014S
1535;obývací stolek CORUNA - banánový list;S030a-V
1536;ratanová skříňka VIGO - tmavá;N015T
1537;ratanová skříňka VIGO - světlá;N015S
1538;sedací souprava SAN JUAN - ratan - mořská tráva;S011
1539;ratanové křeslo NEW DESIGN - tmavé;F002
1540;ratanové křeslo NEW DESIGN - světlé;F002-2
1541;otoman DION s úložným prostorem - abaca;K011
1542;otoman LENKA s úložným prostorem - banánový list;K012
1543;stolek CORUNA - vodní hyacint - mořská tráva;S029a
1544;obývací stolek LUCY - vodní hyacint;S009a
1545;ratanové křeslo JANEIRO - světlé;S021Sb
1546;ratanové křeslo ROGER - tmavé;S002Tb
1547;ratanová sedací souprava JANEIRO 2+1 - světlá;S022S
1548;obývací stolek DIANA - banánový list;S040a
1549;křeslo DIANA - mořská tráva;S039b
1550;ratanové křeslo DIANA - světlé;S038b
1551;ratanový obývací stolek DIANA;S038a
1552;křeslo DIANA - banánový list;S040b
1553;ratanový paravan SUMATRA - tmavý;N031T
1554;ratanový paravan SUMATRA - světlý;N031S
1555;houpací PAPASAN - tmavý - průměr 110 cm;K008T
1556;houpací PAPASAN - světlý - průměr 110 cm;K008S
1557;jídelní souprava LENKA - banánový list;J007T
1558;skříňka - vodní hyacint;GN0006BS-SM
1559;skříňka - vodní hyacint;GN0017BS
1560;obal na květináč - vodní hyacint;GN0006LB
1561;taburet - vodní hyacint;GN0006LB-2
1562;květináč - vodní hyacint;GN0003D
1563;květináč - vodní hyacint;GN0117D
1564;ratanové křeslo CORUNA - banánový list;S030b
1565;ratanový stolek ESTRANGELO;S020b
1566;ratanové křeslo CARMONA;S047b
1567;ratanová sedací souprava ROGER - světlá;S002S
1568;ratanová sedací souprava BAHAMA 4+1 - tmavá;S001T4
1569;sedací souprava BAHAMA 4+1 - tmavá - XL polstr;S001TXL4
1570;ratanová souprava BAHAMA 4+1 - světlá - XL polstr;S001SXL4
1571;ratanová sedací souprava BAHAMA 4+1 - světlá;S001S4
1572;květináč velký;GN00001Db
1573;sedací souprava DIANA - ratan - bananový list;S040
1574;ratanová sedací souprava DIANA - světlá;S038
1575;ratanová sedací souprava CARMEN - světlá;DL-Y003
1576;ratanová sedací souprava NAOMI;ETP-DZ01
1577;ratanová sedací souprava KERIN - světlá;S023S
1578;sedací souprava FARGO - banánový list;S018
1579;obal na květináč - vodní hyacint - mořská tráva;GN0122D-NEW
1580;skříňka - vodní hyacint;N068
1581;skříňka - vodní hyacint;N067
1582;skříňka - mořská tráva;N066
1583;skříňka - mořská tráva;N065
1584;skříňka - banánový list;N064
1585;skříňka - banánový list;N063
1586;ratanová pohovka FITSCHI - tmavá;S005Tc
1587;ratanová pohovka FITSCHI - světlá;S005Sc
1588;ratanové křeslo SARAH - světlé;S036Sb
1589;ratanový obývací stolek UNIVERSAL - světlý;S037S
1590;stolek DION - mořská tráva;N006c
1591;obal na květináče - střední- vodní hyacint;GNB-2099b-o
1592;prádelní koš - vodní hyacint;GN0010LB
1593;prádelní koš - rohový - vodní hyacint;GN0012LB
1594;květináč - vodní hyacint;GN0122D
1595;květináč velký-vodní hyacint;GN0052BKc
1596;květináč - vodní hyacint;GN0042D
1597;květináč - vodní hyacint;GN0013D
1598;ratanová sedací souprava JANEIRO - světlá;S021S
1599;sedák na TABURET;TAB-KR
1600;sedák na pohovku JANEIRO;JAN-POH
1601;sedák na křeslo JANEIRO - univerzální;JAN-KR
1602;ratanový TABURET - tmavý;K007T
1603;ratanový TABURET - světlý;K007S
1604;ratanový PAPASAN tmavý - průměr 110 cm;K001T
1605;ratanový PAPASAN světlý - průměr 110 cm;K001S
1606;sedák na pohovku FITSCHI;FIT-POH
1607;ratanová sedací souprava BAHAMA tmavá - XL polstr;S001TXL
1608;sedák na houpací křeslo LINDA;HOUP-KR
1609;sedák na křeslo PAPASAN;PAP-KR
1610;sedák na křeslo FITSCHI (BAHAMA XL);FIT-KR
1611;sedák na křeslo BAHAMA;BAH-KR
1612;ratanový stojan na deštníky - tmavý;N017T
1613;ratanový koš na noviny - tmavý;N035T
1614;ratanové křeslo JANEIRO - tmavé;S021Tb
1615;ratanový stolek JANEIRO - tmavý;S022Ta
1616;ratanový stolek JANEIRO - světlý;S022Sa
1617;ratanový obývací stolek BAHAMA - tmavý;S001Ta
1618;ratanový obývací stolek BAHAMA - světlý;S001Sa
1619;ratanová sedací souprava JANEIRO 2+1 - tmavá;S022T
1620;ratanová police 4 zásuvky - tmavá;N046T
1621;květináč - sada 3 kusů;GNB-2107
1622;květináč - vodní hyacint;GNB-2104
1623;koš -střední - vodní hyacint;GNB-2099b
1624;koš s úchytkami - vodní hyacint;GNB-2086
1625;miska - vodní hyacint;GNB-2082
1626;koš - vodní hyacint;GNB-2080
1627;stojan na noviny - vodní hyacint;GNB-2068
1628;miska na ovoce - vodní hyacint;GNB-2065
1629;koš - mořská tráva;GNB-2055
1630;koš - vodní hyacint;GNB-2054
1631;koš - vodní hyacint;GNB-2052
1632;věž na CD - vodní hyacint;GNB-2044
1633;koš - vodní hyacint;GNB-2041
1634;jídelní židle CECILY - borovice - banánový list;J006Sb
1635;ratanový stojan na 1 květinu - tmavý;N047T
1636;ratanový stojan na 4 květiny - tmavý;N048T
1637;ratanový stojan na 3 květiny - tmavý;N056T
1638;ratanový obývací stolek UNIVERSAL - tmavý;S037T
1639;ratanová sedací souprava RIO - světlá;S055S
1640;stolek DION - banánový list;N005
1641;ratanová sedací souprava COLORADO - tmavá;S033T
1642;křeslo - ELLICE - banánový list;S031a
1643;ratanová sedací souprava BAHAMA - tmavá;S001T
1644;ratanová sedací souprava BAHAMA světlá - XL polstr;S001SXL
1645;ratanové křeslo SARAH - tmavé;S036Tb
1646;ratanové křeslo COLORADO - tmavé;S033Tb
1647;ratanová lavice s úložným prostorem - tmavá;N007T
1648;ratanový paravan S8 - tmavý;N032T
1649;snídaňová souprava HONEYMOON - tmavá;J003T
1650;ratanové křeslo CANDELA - vodní hyacint;S026b-V
1651;ratanová sedací souprava CANDELA - banánový list;S026
1652;barová židle LENKA - mahagon - banánový list;Z008T
1653;ratanový regál 2 - tmavý - malý;N009T
1654;ratanová komoda S16 - tmavá;N002T
1655;ratanová váza V3 - tmavá;N021T
1656;ratanová váza V2 - tmavá;N020T
1657;ratanová váza V1 - tmavá;N019T
1658;ratanové křeslo BAHAMA - světlé;S001Sb
1659;ratanová rohová police BEKER - tmavá;N010T
1660;ratanové křeslo BAHAMA - tmavé - XL polstr;S001TbXL
1661;sedací souprava LUCY - vodní hyacint;S009
1662;ratanový otoman FREON s úložným prostorem - světlý;K010S
1663;ratanové houpací křeslo LINDA - tmavé;K006T
1664;prádelní koš JEREMY - banánový list - tmavý;N062
1665;prádelní koš JEREMY - banánový list;N061
1666;prádelní koš JEREMY - vodní hyacint;N060
1667;prádelník RONALDO - 2 zásuvky;N057T
1668;ratanový prádelník MACAO - tmavý;N022T
1669;ratanový prádelník MARBLE - světlý;N024S
1670;ratanový prádelník MACAO - odstín olše;N022S-olše
1671;stůl ESTRANGELO - banánový list;S019a-V
1672;ratanová sedací souprava SANDRA - tmavá;S003T
1673;ratanový prádelník 2 zásuvky - tmavý;N011T
1674;ratanový prádelník 2 zásuvky - světlý;N011S
1675;jídelní židle CECILY - mahagon - banánový list;J006Tb
1676;ratanový prádelník 5 zásuvek - tmavý;N014T
1677;sedací souprava CORUNA - ratan - banánový list;S030-V
1678;sedací souprava CORUNA - hyacint - mořská tráva;S029
1679;ratanový prádelník 4 zásuvky - tmavý;N013T
1680;ratanový prádelník - 3 zásuvky - tmavý;N012T
1681;ratanové křeslo BAHAMA - světlé - XL polstr;S001SbXL
1682;ratanový prádelník LAUNDRY - tmavý;N049T-2
1683;ratanový stojan na noviny KARYO - tmavý;N052T
1684;ratanový stojan na noviny KARYO - světlý;N052S
1685;ratanový koš světlý;N028S
1686;ratanový stojan na 4 květiny - světlý;N048S
1687;ratanový stojan na 1 květinu - světlý;N047S
1688;ratanový koš - střední - tmavý;N028Tb
1689;ratanový prádelník MARCEL - tmavý;N039T
1690;ratanový prádelník MARCEL - světlý;N039S
1691;ratanový paravan S8 - světlý;N032S
1692;ratanový podnos - tmavý - sada 3 kusy;N037T
1693;ratanový podnos - světlý - sada 3 kusy;N037S
1694;ratanový koš na noviny - světlý;N035S
1695;ratanový prádelník LAUNDRY - světlý;N049S-2
1696;ratanový paravan MADAGASKAR - tmavý;N030T
1697;ratanový paravan MADAGASKAR - světlý;N030S
1698;ratanová sedací souprava LENA;S065S
1699;snídaňová souprava HONEYMOON - světlá;J003S
1700;ratanová sedací souprava BAHAMA - světlá;S001S
1701;ratanová jídelní židle HORIZONT - tmavá;J013Tb
1702;barová židle LENKA - borovice - banánový list;Z008S
1703;ratanový stojan na 5 lahví vína - světlý;N018S
1704;ratanová váza V3 - světlá;N021S
1705;ratanová váza V2 - světlá;N020S
1706;ratanová váza V1 - světlá;N019S
1707;ratanová sedací souprava SANDRA - světlá;S003S
1708;sedací souprava SAN JUAN 2+1 - mořská tráva;S012S
1709;ratanové křeslo KERIN - tmavé;S023Tb
1710;ratanový stojan na deštníky - světlý;N017S
1711;ratanové houpací křeslo LINDA - světlé;K006S
1712;ratanová sedací souprava OLYMPUS - tmavá;S007T
1713;ratanová sedací souprava ROGER - tmavá;S002T
1714;ratanový prádelník 4 zásuvky - světlý;N013S
1715;ratanový prádelník - 3 zásuvky - světlý;N012S
1716;ratanová sedací souprava KERIN - tmavá;S023T
1717;ratanová jídelní souprava AKROPOLIS světlá;J001S
1718;ratanový stojan na 3 květiny - světlý;N056S
1719;ratanová sedací souprava FITSCHI - světlá;S005S
1720;ratanová police 4 zásuvky - světlá;N046S
1721;Konferenční stolek - tulipány;F001021F5555
1722;Konferenční stolek - bílá orchidej;F006154F5555
1723;Konferenční stolek - bílá orchidej;F006151F5555
1724;Konferenční stolek - tulipány;F000405F5555
1725;Konferenční stolek - tulipány;F000390F5555
1726;Konferenční stolek - vlčí máky;F000893F5555
1727;Konferenční stolek - červená růže;F000484F5555
1728;Konferenční stolek - lilie;F000628F5555
1729;Konferenční stolek - bílá lilie;F000622F5555
1730;Konferenční stolek - orosená růže;F000692F5555TL
1731;Konferenční stolek - bílá růže;F000900F5555
1732;Konferenční stolek - tulipány;F001005F5555
1733;Konferenční stolek - slunečnice;F001011F5555
1734;Konferenční stolek - fialový tulipán;F000993F5555
1735;Konferenční stolek - snítky levandule;F001055F5555
1736;Konferenční stolek - gerbera;F001226F5555
1737;Konferenční stolek - tyrkys tulipán;F002502F5555
1738;Konferenční stolek - feng shui;F006143F5555
1739;Konferenční stolek - relax, spa;F006160F5555
1740;Konferenční stolek - relax, spa;F006159F5555
1741;Konferenční stolek - relax, spa;F006158F5555
1742;Konferenční stolek - relax, spa;F006157F5555
1743;Konferenční stolek - relax, spa;F006156F5555
1744;Konferenční stolek - relax, spa;F006155F5555
1745;Konferenční stolek - relax, spa;F006146F5555
1746;Konferenční stolek - relax, spa;F006144F5555
1747;Konferenční stolek - relax, spa;F006142F5555
1748;Konferenční stolek - relax, spa;F006141F5555
1749;Konferenční stolek - relax, spa;F006139F5555
1750;Konferenční stolek - relax, spa;F006138F5555
1751;Konferenční stolek - relax, spa;F006137F5555
1752;Konferenční stolek - relax, spa;F006136F5555
1753;Konferenční stolek - relax, spa;F006135F5555
1754;Konferenční stolek - relax, spa;F006134F5555
1755;Konferenční stolek - feng shui;F006125F5555
1756;Konferenční stolek - vinice;F006056F5555
1757;Konferenční stolek - abstrakce;F006033F5555
1758;Konferenční stolek - koření;F006009F5555
1759;Konferenční stolek - Buddha;F005906F5555
1760;Konferenční stolek - abstrakt květy;F006176F5555
1761;Konferenční stolek - abstrakt stromy;F006175F5555
1762;Konferenční stolek - abstrakt stromy;F006174F5555
1763;Konferenční stolek - abstrakt květ;F006173F5555
1764;Konferenční stolek - abstrakt strom;F006172F5555
1765;Konferenční stolek - abstrakt;F006171F5555
1766;Konferenční stolek - lampa;F006170F5555
1767;Konferenční stolek - abstrakt strom;F006169F5555
1768;Konferenční stolek - abstrakt;F006168F5555
1769;Konferenční stolek - abstrakt;F006167F5555
1770;Konferenční stolek - abstrakt;F006165F5555
1771;Konferenční stolek - abstrakt slon;F006164F5555
1772;Konferenční stolek - abstrakt lampa;F006163F5555
1773;Konferenční stolek - abstrakt lampa;F006162F5555
1774;Konferenční stolek - abstrakt kostky;F005914F5555
1775;Konferenční stolek - abstrakt strom;F005913F5555
1776;Konferenční stolek - stříbrný abstrakt;F005912F5555
1777;Konferenční stolek - abstrakt strom;F005905F5555
1778;Konferenční stolek - abstrakt;F005904F5555
1779;Konferenční stolek - Eiffelovka;F005903F5555
1780;Konferenční stolek - abstrakce;F005902F5555
1781;Konferenční stolek - abstrakce;F005901F5555
1782;Konferenční stolek - abstrakce;F005840F5555
1783;Konferenční stolek - abstrakce;F005839F5555
1784;Konferenční stolek - abstrakce;F005838F5555
1785;Konferenční stolek - abstrakce;F005837F5555
1786;Konferenční stolek - fialovo růžová abstrakce;F005805F5555
1787;Konferenční stolek - modrá abstrakce;F005802F5555
1788;Konferenční stolek - oranžová abstrakce;F005800F5555
1789;Konferenční stolek - abstrakce;F005783F5555
1790;Konferenční stolek - abstrakt tulipány;F005780F5555
1791;Konferenční stolek - abstrakt;F005778F5555
1792;Konferenční stolek - levandulové pole;F006079F5555
1793;Konferenční stolek - levandulové pole;F006079F9055
1794;Konferenční stolek - krajina se stromem;F006126F9055
1795;Konferenční stolek - krajina;F006122F9055
1796;Konferenční stolek - krajina s chatkou;F006131F9055
1797;Konferenční stolek - pobřeží;F006121F9055
1798;Konferenční stolek - les;F006118F9055
1799;Konferenční stolek - krajina s řekou;F006117F9055
1800;Konferenční stolek - větrné mlýny;F006116F9055
1801;Konferenční stolek - horská krajina;F006115F9055
1802;Konferenční stolek - vodopád;F006113F9055
1803;Konferenční stolek - loďky na horském jezeře;F006112F9055
1804;Konferenční stolek - řeka v horách;F006110F9055
1805;Konferenční stolek - řeka v horách;F006107F9055
1806;Konferenční stolek - krajina;F006105F9055
1807;Konferenční stolek - hory;F006100F9055
1808;Konferenční stolek - lávka v lese;F006098F9055
1809;Konferenční stolek - slunce v horách;F006097F9055
1810;Konferenční stolek - slunce v horách;F006096F9055
1811;Konferenční stolek - dřevěná lesní cesta;F006094F9055
1812;Konferenční stolek - slunce v krajině;F006091F9055
1813;Konferenční stolek - slunce v krajině;F006088F9055
1814;Konferenční stolek - vodopády;F006087F9055
1815;Konferenční stolek - krajina;F006086F9055
1816;Konferenční stolek - fialový strom;F006084F9055
1817;Konferenční stolek - silnice v krajině;F006081F9055
1818;Konferenční stolek - les;F006078F9055
1819;Konferenční stolek - moře;F006069F9055
1820;Konferenční stolek - hory;F006068F9055
1821;Konferenční stolek - Maledivy;F006053F9055
1822;Konferenční stolek - moře;F006052F9055
1823;Konferenční stolek - pobřeží;F006047F9055
1824;Konferenční stolek - vodopád;F006045F9055
1825;Konferenční stolek - divoká řeka;F006043F9055
1826;Konferenční stolek - bílá orchidej;F005874F9055
1827;Konferenční stolek - orchidej;F005875F9055
1828;Konferenční stolek - orchidej;F005876F9055
1829;Konferenční stolek - slunečnice;F005909F9055
1830;Konferenční stolek - červená orchidej;F005910F9055
1831;Konferenční stolek - fialová orchidej;F005971F9055
1832;Konferenční stolek - tulipány;F005941F9055
1833;Konferenční stolek - tulipány;F005945F9055
1834;Konferenční stolek - feng shui, orchidej;F005963F9055
1835;Konferenční stolek - orchidej;F005964F9055
1836;Konferenční stolek - orchidej;F005965F9055
1837;Konferenční stolek - orchidej;F005970F9055
1838;Konferenční stolek - orchidej;F005982F9055
1839;Konferenční stolek - barevné tulipány;F006001F9055
1840;Konferenční stolek - květiny;F006034F9055
1841;Konferenční stolek - relax, spa;F006135F9055
1842;Konferenční stolek - relax, spa;F006136F9055
1843;Konferenční stolek - relax, spa;F006134F9055
1844;Konferenční stolek - relax, spa;F006158F9055
1845;Konferenční stolek - relax, spa;F006143F9055
1846;Konferenční stolek - kameny, zen;F004034F9055
1847;Konferenční stolek - kameny;F000522F9055
1848;Konferenční stolek - ornamenty;F001832F9055
1849;Konferenční stolek - ornamenty;F001833F9055
1850;Konferenční stolek - Buddha;F003260F9055
1851;Konferenční stolek - kameny;F002099F11878
